Symbol,Close,SMA20,SMA50,SMA200,RSI,Volume_Ratio,Resistance,Distance_To_Resistance,Setup,Bullish_Candle,Market_Filter,Score,Signal,Trend_Passed,RSI_Passed,Volume_Passed,Breakout_Passed,Candle_Passed,Market_Passed,Average_Volume_20,Average_Value_Traded_20,Liquidity_Passed,Volume_Status,Conditions_Partial,Conditions_Failed,Confirmation_Missing,Conditions_Lost
DAWH,275.27,226.09649999999996,187.04999999999984,158.9761000000001,81.58605694071024,3.1452585431886404,275.0,0.09818181818181157,BREAKOUT,STRONG_BULLISH,BULLISH,100.0,WATCHLIST,True,False,True,True,True,True,305613.35,73262456.7735,True,PASSED,NONE,RSI,RSI,RSI
ARPAK,190.45,144.62149999999986,136.77500000000006,83.94285000000004,76.66641314365282,3.4781349915661743,173.14,9.997689730853647,BREAKOUT,STRONG_BULLISH,BULLISH,100.0,ILLIQUID,True,False,True,True,True,True,7944.2,1235210.4345,False,PASSED,NONE,"RSI, Liquidity","RSI, Liquidity","RSI, Liquidity"
FPJM,16.13,11.3265,9.997999999999998,8.418500000000005,80.21445327203527,4.710984650564407,14.99,7.60507004669779,BREAKOUT,STRONG_BULLISH,BULLISH,100.0,WATCHLIST,True,False,True,True,True,True,1081127.7,13837435.018000001,True,PASSED,NONE,RSI,RSI,RSI
AHL,133.94,126.0120000000001,120.88579999999989,107.08974999999984,76.32030317510706,2.8692342306572436,131.99,1.4773846503522907,BREAKOUT,STRONG_BULLISH,BULLISH,100.0,ILLIQUID,True,False,True,True,True,True,94447.5,12131747.816499999,False,PASSED,NONE,"RSI, Liquidity","RSI, Liquidity","RSI, Liquidity"
ENGRO,485.38,429.6424999999999,368.0337999999996,342.86625,73.91861113940243,1.8932453862541718,478.3,1.4802425256115375,BREAKOUT,STRONG_BULLISH,BULLISH,100.0,WATCHLIST,True,False,True,True,True,True,2374973.7,1029184757.7229999,True,PASSED,NONE,RSI,RSI,RSI
GEMSPNL,85.95,66.73550000000002,62.16839999999999,52.22190000000003,75.75341785999578,3.457362522131842,79.73,7.801329487018687,BREAKOUT,STRONG_BULLISH,BULLISH,100.0,ILLIQUID,True,False,True,True,True,True,102708.35,7347522.096000001,False,PASSED,NONE,"RSI, Liquidity","RSI, Liquidity","RSI, Liquidity"
PMPK,1431.85,1307.569,1303.2216000000005,1007.2383000000002,94.17234385814254,4.646130234597676,1311.72,9.1582044948617,BREAKOUT,STRONG_BULLISH,BULLISH,100.0,ILLIQUID,True,False,True,True,True,True,4561.0,6069936.272,False,PASSED,NONE,"RSI, Liquidity","RSI, Liquidity","RSI, Liquidity"
PGLC,19.39,15.598999999999979,15.113,14.785550000000006,76.53205866361759,3.8376277972599278,17.63,9.982983550765749,BREAKOUT,STRONG_BULLISH,BULLISH,100.0,ILLIQUID,True,False,True,True,True,True,91037.75,1566953.2685,False,PASSED,NONE,"RSI, Liquidity","RSI, Liquidity","RSI, Liquidity"
NRL,526.29,465.6234999999996,415.49059999999963,390.20950000000056,69.61927278710405,2.6387637086619895,533.29,-1.3126066492902548,RETEST,STRONG_BULLISH,BULLISH,99.81,EXCEPTIONAL_BUY,True,True,True,True,True,True,2839295.15,1390362941.1845,True,PASSED,NONE,NONE,NONE,NONE
CNERGY,14.45,12.23399999999998,10.210399999999996,8.288150000000012,68.79744098376422,1.8136234995333058,15.38,-6.046814044213273,RETEST,STRONG_BULLISH,BULLISH,99.4,EXCEPTIONAL_BUY,True,True,True,True,True,True,137978845.7,1798560484.5884998,True,PASSED,NONE,NONE,NONE,NONE
FANM,9.3,8.232500000000003,7.690599999999993,7.189250000000003,68.16525515832167,2.040930957746582,9.43,-1.3785790031813256,RETEST,STRONG_BULLISH,BULLISH,99.08,ILLIQUID,True,True,True,True,True,True,382771.4,3288145.1075,False,PASSED,NONE,Liquidity,Liquidity,Liquidity
FCL,28.23,25.007500000000007,24.535400000000003,23.959100000000017,71.551503966641,1.4040866150998275,28.95,-2.4870466321243483,RETEST,STRONG_BULLISH,BULLISH,99.04,WATCHLIST,True,False,False,True,True,True,4453676.1,120513485.96400002,True,PARTIAL,Volume,RSI,"RSI, Volume","RSI, Volume (partial: 14.04/15)"
PRL,90.97,68.73850000000007,51.12260000000003,38.88249999999999,88.5242217881672,1.3171313976106054,86.0,5.779069767441859,BREAKOUT,STRONG_BULLISH,BULLISH,98.17,WATCHLIST,True,False,False,True,True,True,23426361.3,1629815836.9955,True,PARTIAL,Volume,RSI,"RSI, Volume","RSI, Volume (partial: 13.17/15)"
ATRL,1117.47,1012.5289999999993,941.4516000000009,823.2338000000008,69.11477026151674,1.34323229059009,1130.0,-1.1088495575221216,RETEST,STRONG_BULLISH,BULLISH,97.99,WATCHLIST,True,True,False,True,True,True,861188.35,893504332.9265,True,PARTIAL,Volume,NONE,Volume,Volume (partial: 13.43/15)
PKGI,27.43,23.105000000000004,20.608599999999996,19.832749999999994,64.75037765452943,1.4657451194373712,27.96,-1.8955650929899899,RETEST,STRONG_BULLISH,BULLISH,97.03,ILLIQUID,True,True,False,True,True,True,148446.0,3529611.8270000005,False,PARTIAL,Volume,Liquidity,"Volume, Liquidity","Liquidity, Volume (partial: 14.66/15)"
ICCI,15.64,14.47600000000001,13.99700000000002,13.052199999999997,60.892216051270324,2.028084916027268,16.89,-7.400828892835998,RETEST,STRONG_BULLISH,BULLISH,95.45,ILLIQUID,True,True,True,True,True,True,51415.5,777132.559,False,PASSED,NONE,Liquidity,Liquidity,Liquidity
ATIL,78.0,77.944,76.3552,75.39205000000001,54.620856494589056,3.8442786173312813,79.78,-2.23113562296315,RETEST,STRONG_BULLISH,BULLISH,92.31,ILLIQUID,True,True,True,True,True,True,16797.95,1307161.694,False,PASSED,NONE,Liquidity,Liquidity,Liquidity
BUXL,541.19,276.867,228.51319999999976,175.43379999999996,94.277049854883,0.6492556848277192,491.99,10.000203256163752,BREAKOUT,STRONG_BULLISH,BULLISH,91.49,ILLIQUID,True,False,False,True,True,True,40685.05,14850304.7565,False,FAILED,NONE,"RSI, Volume, Liquidity","RSI, Volume, Liquidity","RSI, Volume, Liquidity"
CLVL,27.26,19.851499999999973,17.639999999999997,15.386799999999978,73.26022389419236,3.6743281885543757,24.78,10.008071025020179,BREAKOUT,NONE,BULLISH,90.0,WATCHLIST,True,False,True,True,False,True,875615.85,20186102.495,True,PASSED,NONE,"RSI, Candle",RSI,"RSI, Candle"
DCR,39.17,38.47949999999996,38.18039999999999,36.603849999999994,65.15120324897373,0.6847048684845821,39.31,-0.35614347494276405,RETEST,STRONG_BULLISH,BULLISH,89.42,WATCHLIST,True,True,False,True,True,True,404391.75,15586259.106,True,FAILED,NONE,Volume,Volume,Volume
MSOT,156.6,145.93300000000002,122.83219999999994,76.75764999999996,61.852625750085835,0.8085481704005726,163.99,-4.506372339776824,RETEST,BULLISH_ENGULFING,BULLISH,89.01,WATCHLIST,True,True,False,True,True,True,305950.85,45582924.786,True,FAILED,NONE,Volume,Volume,Volume
FCEPL,129.24,115.65000000000006,110.8820000000001,92.9251000000001,72.81615237350442,1.3943878028209016,128.9,0.263770364623742,BREAKOUT,NONE,BULLISH,88.94,WATCHLIST,True,False,False,True,False,True,1677020.55,201792441.3125,True,PARTIAL,Volume,"RSI, Candle","RSI, Volume","RSI, Candle, Volume (partial: 13.94/15)"
FUDLM,8.0,7.259999999999994,6.369199999999987,5.936649999999999,75.94713276913564,0.3511657611563361,8.43,-5.100830367734279,RETEST,STRONG_BULLISH,BULLISH,88.51,ILLIQUID,True,False,False,True,True,True,109919.6,816984.8155,False,FAILED,NONE,"RSI, Volume, Liquidity","RSI, Volume, Liquidity","RSI, Volume, Liquidity"
FECM,24.85,20.85099999999996,18.944400000000027,20.074800000000028,74.25201127258707,2.0104886943079903,24.2,2.685950413223149,BREAKOUT,STRONG_BULLISH,BULLISH,87.5,ILLIQUID,False,False,True,True,True,True,57833.7,1274769.5555,False,PASSED,NONE,"Trend, RSI, Liquidity","Trend, RSI, Liquidity","Trend, RSI, Liquidity"
POL,717.8,698.0565000000004,691.1289999999995,650.1372500000004,67.48494661909763,1.339704526966807,730.0,-1.671232876712335,RETEST,NONE,BULLISH,87.14,WATCHLIST,True,True,False,True,False,True,282804.15,199064864.139,True,PARTIAL,Volume,Candle,Volume,"Candle, Volume (partial: 13.40/15)"
CWSM,51.18,48.2864999999999,41.323000000000036,41.095099999999974,60.14863386934621,0.6488535440484472,57.79,-11.437965045855684,RETEST,STRONG_BULLISH,BULLISH,86.56,WATCHLIST,True,True,False,True,True,True,1071449.8,53672735.251,True,FAILED,NONE,Volume,Volume,Volume
EFUL,168.52,158.39850000000013,156.71040000000028,156.02625000000043,62.86255935111059,5.091278349892791,177.64,-5.133978833596023,RETEST,NONE,BULLISH,86.43,ILLIQUID,True,True,True,True,False,True,13245.2,2255492.2295,False,PASSED,NONE,"Candle, Liquidity",Liquidity,"Candle, Liquidity"
CENI,65.77,55.73949999999993,54.44060000000003,56.12889999999999,82.45019354744348,1.3733059219375836,65.61,0.24386526444139092,BREAKOUT,BULLISH_ENGULFING,BULLISH,86.23,ILLIQUID,False,False,False,True,True,True,39959.05,2536521.365,False,PARTIAL,Volume,"Trend, RSI, Liquidity","Trend, RSI, Volume, Liquidity","Trend, RSI, Liquidity, Volume (partial: 13.73/15)"
UBDL,31.17,27.318499999999954,26.0506,25.68465,61.91237890667148,5.069176912554088,34.62,-9.96533795493933,RETEST,NONE,BULLISH,85.96,ILLIQUID,True,True,True,True,False,True,120105.1,3476340.8855,False,PASSED,NONE,"Candle, Liquidity",Liquidity,"Candle, Liquidity"
PPP,143.57,137.0905000000001,136.16220000000013,131.22885000000025,56.97473800151275,0.6229691791388747,157.0,-8.55414012738854,RETEST,STRONG_BULLISH,BULLISH,84.72,ILLIQUID,True,True,False,True,True,True,39377.55,5770346.1965,False,FAILED,NONE,"Volume, Liquidity","Volume, Liquidity","Volume, Liquidity"
PKGS,803.73,794.8840000000007,791.7486,759.370799999999,57.03275168744459,2.733482148824402,814.99,-1.381612044319561,EARLY_BREAKOUT,STRONG_BULLISH,BULLISH,83.52,ILLIQUID,True,True,True,True,True,True,3740.65,2977011.5204999996,False,PASSED,NONE,Liquidity,"Breakout/Retest, Liquidity",Liquidity
NICL,252.39,239.89899999999972,230.70199999999969,207.11985000000013,63.310314876558905,0.16297863805034601,252.96,-0.22533206831120398,RETEST,STRONG_BULLISH,BULLISH,83.28,WATCHLIST,True,True,False,True,True,True,498550.0,118501913.36600001,True,FAILED,NONE,Volume,Volume,Volume
PIM,38.52,25.08100000000004,24.134799999999988,22.312299999999997,86.89088248212786,0.7868496869939243,35.02,9.994288977727011,BREAKOUT,NONE,BULLISH,82.87,ILLIQUID,True,False,False,True,False,True,13554.05,403401.1385,False,FAILED,NONE,"RSI, Volume, Candle, Liquidity","RSI, Volume, Liquidity","RSI, Volume, Candle, Liquidity"
FIBLM,19.14,14.991499999999997,13.449599999999997,12.077950000000017,72.73677386665429,0.6714880259316682,17.39,10.063254744105809,BREAKOUT,NONE,BULLISH,81.71,ILLIQUID,True,False,False,True,False,True,408211.3,6292565.9969999995,False,FAILED,NONE,"RSI, Volume, Candle, Liquidity","RSI, Volume, Liquidity","RSI, Volume, Candle, Liquidity"
ASTM,145.76,68.24800000000002,41.07659999999999,23.982199999999988,97.92069853816652,0.611948126637281,132.51,9.999245339974342,BREAKOUT,NONE,BULLISH,81.12,WATCHLIST,True,False,False,True,False,True,216307.55,17025333.838,True,FAILED,NONE,"RSI, Volume, Candle","RSI, Volume","RSI, Volume, Candle"
GAL,615.33,612.3185000000004,578.6547999999992,504.2666999999998,54.44091159834949,0.3781936951050549,655.1,-6.070828881086854,RETEST,STRONG_BULLISH,BULLISH,81.0,WATCHLIST,True,True,False,True,True,True,825986.8,510138570.68,True,FAILED,NONE,Volume,Volume,Volume
EFGH,75.72,65.18949999999998,50.326000000000015,27.0438,69.98897678167437,1.7404516417931892,77.89,-2.7859802285274125,EARLY_BREAKOUT,NONE,BULLISH,79.99,ILLIQUID,True,True,True,True,False,True,125280.7,8354863.294500001,False,PASSED,NONE,"Candle, Liquidity","Breakout/Retest, Liquidity","Candle, Liquidity"
FDIBL,2.92,2.4335,2.286000000000003,2.0715999999999988,61.2123006909948,0.8021336889481581,3.07,-4.885993485342017,RETEST,NONE,BULLISH,78.63,ILLIQUID,True,True,False,True,False,True,749875.0,2117947.75,False,FAILED,NONE,"Volume, Candle, Liquidity","Volume, Liquidity","Volume, Candle, Liquidity"
BERG,150.09,121.89349999999988,113.74520000000012,101.84434999999993,66.47816234273051,2.7529549795294415,171.25,-12.35620437956204,NONE,STRONG_BULLISH,BULLISH,78.24,WATCHLIST,True,True,True,False,True,True,975742.8,134003187.28299999,True,PASSED,NONE,Breakout,Breakout/Retest,Breakout
MACFL,85.44,72.37849999999996,70.72879999999998,40.714850000000055,63.80314138058333,4.651756330885154,92.56,-7.692307692307697,NONE,STRONG_BULLISH,BULLISH,76.9,WATCHLIST,True,True,True,False,True,True,1232337.55,95175099.90349999,True,PASSED,NONE,Breakout,Breakout/Retest,Breakout
CPPL,110.35,101.55149999999995,101.06139999999999,90.2156000000002,66.23489895365151,0.30084737510721665,112.5,-1.9111111111111163,RETEST,NONE,BULLISH,76.13,WATCHLIST,True,True,False,True,False,True,354305.9,38105540.3385,True,FAILED,NONE,"Volume, Candle",Volume,"Volume, Candle"
FFBL,88.94,82.01250000000002,71.10979999999999,45.64840000000008,62.17415315399166,2.202198469316566,96.26,-7.604404737170172,NONE,BULLISH_ENGULFING,BULLISH,76.09,WATCHLIST,True,True,True,False,True,True,3472370.5,291134727.3075,True,PASSED,NONE,Breakout,Breakout/Retest,Breakout
BNWM,69.9,67.454,67.32580000000002,65.61725000000003,61.98674955355123,0.4949991523987117,71.0,-1.5492957746478793,EARLY_BREAKOUT,STRONG_BULLISH,BULLISH,75.94,ILLIQUID,True,True,False,True,True,True,9438.4,641850.638,False,FAILED,NONE,"Volume, Liquidity","Volume, Breakout/Retest, Liquidity","Volume, Liquidity"
GHNI,1280.73,1246.1009999999992,1122.9516000000012,894.9652999999998,62.25340546028135,0.35448739244064914,1343.0,-4.63663440059568,RETEST,NONE,BULLISH,74.67,WATCHLIST,True,True,False,True,False,True,208303.6,260343650.8665,True,FAILED,NONE,"Volume, Candle",Volume,"Volume, Candle"
GRR,22.76,22.501499999999986,21.79079999999998,20.371450000000017,59.05133947109296,4.503188498353152,23.35,-2.5267665952890783,EARLY_BREAKOUT,NONE,BULLISH,74.53,WATCHLIST,True,True,True,True,False,True,1830148.35,41811450.3705,True,PASSED,NONE,Candle,Breakout/Retest,Candle
ARPL,431.48,418.94249999999886,401.55679999999984,409.86355000000026,70.6219110029873,0.18912004826175172,435.0,-0.8091954022988463,RETEST,STRONG_BULLISH,BULLISH,74.39,ILLIQUID,False,False,False,True,True,True,17570.85,7366065.9315,False,FAILED,NONE,"Trend, RSI, Volume, Liquidity","Trend, RSI, Volume, Liquidity","Trend, RSI, Volume, Liquidity"
MODAM,5.73,4.848999999999994,4.298799999999998,3.9076999999999953,67.34416126705227,1.065954334414552,5.89,-2.716468590831906,EARLY_BREAKOUT,NONE,BULLISH,74.33,ILLIQUID,True,True,False,True,False,True,393075.0,2028881.0,False,PARTIAL,Volume,"Candle, Liquidity","Volume, Breakout/Retest, Liquidity","Candle, Liquidity, Volume (partial: 10.66/15)"
GOC,186.81,186.0444999999999,159.24700000000007,116.48340000000002,57.52128512886482,2.46394886931049,230.0,-18.778260869565216,NONE,STRONG_BULLISH,BULLISH,73.76,ILLIQUID,True,True,True,False,True,True,11265.25,2184879.8295,False,PASSED,NONE,"Breakout, Liquidity","Breakout/Retest, Liquidity","Breakout, Liquidity"
PSO,375.45,354.2720000000005,352.5684000000008,398.06129999999985,64.70854864847914,0.8663135258829082,385.0,-2.4805194805194835,RETEST,STRONG_BULLISH,BULLISH,73.52,WATCHLIST,False,True,False,True,True,True,4772459.25,1747392637.7445,True,FAILED,NONE,"Trend, Volume","Trend, Volume","Trend, Volume"
SARC,98.07,95.91499999999996,90.74780000000001,77.10770000000001,55.74464249702154,10.236266381022759,115.0,-14.721739130434788,NONE,STRONG_BULLISH,BULLISH,72.87,ILLIQUID,True,True,True,False,True,True,22125.45,2154725.0725,False,PASSED,NONE,"Breakout, Liquidity","Breakout/Retest, Liquidity","Breakout, Liquidity"
FRCL,100.01,98.23649999999992,94.46039999999998,80.71329999999995,53.600022301421106,4.959559924838648,117.0,-14.521367521367518,NONE,BULLISH_ENGULFING,BULLISH,71.8,ILLIQUID,True,True,True,False,True,True,1836.05,182669.272,False,PASSED,NONE,"Breakout, Liquidity","Breakout/Retest, Liquidity","Breakout, Liquidity"
NRSL,35.68,34.700499999999955,34.4836,31.88355000000001,54.40312617463197,0.4564594499254657,38.66,-7.70822555613036,RETEST,NONE,BULLISH,71.77,WATCHLIST,True,True,False,True,False,True,439395.0,15820974.224000001,True,FAILED,NONE,"Volume, Candle",Volume,"Volume, Candle"
BWCL,502.56,500.09850000000085,491.9336000000008,493.62170000000026,59.03081487752965,1.4359628810495864,515.0,-2.4155339805825236,EARLY_BREAKOUT,STRONG_BULLISH,BULLISH,71.38,ILLIQUID,False,True,False,True,True,True,17317.3,8663521.8345,False,PARTIAL,Volume,"Trend, Liquidity","Trend, Volume, Breakout/Retest, Liquidity","Trend, Liquidity, Volume (partial: 14.36/15)"
THCCL,73.34,68.49699999999999,68.11420000000007,68.65400000000002,58.44852154174924,0.4382903195432121,79.25,-7.457413249211352,RETEST,STRONG_BULLISH,BULLISH,71.11,WATCHLIST,False,True,False,True,True,True,6011018.0,430443803.7275001,True,FAILED,NONE,"Trend, Volume","Trend, Volume","Trend, Volume"
ANTM,66.88,55.801999999999985,49.69659999999999,36.07939999999998,71.57602174683937,0.5271041316319611,67.51,-0.9331950822100572,EARLY_BREAKOUT,NONE,BULLISH,70.27,ILLIQUID,True,False,False,True,False,True,20128.85,1215235.7815,False,FAILED,NONE,"RSI, Volume, Candle, Liquidity","RSI, Volume, Breakout/Retest, Liquidity","RSI, Volume, Candle, Liquidity"
GHGL,40.94,40.383999999999915,39.587399999999974,36.154449999999954,55.31281795146576,0.2323293592440571,42.5,-3.670588235294123,RETEST,NONE,BULLISH,69.98,DEVELOPING,True,True,False,True,False,True,496566.6,20349854.275,True,FAILED,NONE,"Volume, Candle",Volume,"Volume, Candle"
IPAK,38.99,37.26299999999999,35.966600000000014,30.004699999999975,68.44416554647421,0.4894980373931625,39.99,-2.5006251562890722,EARLY_BREAKOUT,NONE,BULLISH,69.12,DEVELOPING,True,True,False,True,False,True,366438.65,13755326.889500001,True,FAILED,NONE,"Volume, Candle","Volume, Breakout/Retest","Volume, Candle"
AATM,67.23,59.61850000000006,58.9897999999999,47.060849999999974,61.90993220576609,0.6968204692400138,69.3,-2.987012987012977,EARLY_BREAKOUT,NONE,BULLISH,67.92,ILLIQUID,True,True,False,True,False,True,31536.1,1997559.559,False,FAILED,NONE,"Volume, Candle, Liquidity","Volume, Breakout/Retest, Liquidity","Volume, Candle, Liquidity"
FTSM,53.65,44.048499999999976,36.930599999999984,25.861849999999986,62.8357033244032,2.879895054334561,59.16,-9.313725490196076,NONE,NONE,BULLISH,66.42,ILLIQUID,True,True,True,False,False,True,168391.9,8267842.071500001,False,PASSED,NONE,"Breakout, Candle, Liquidity","Breakout/Retest, Liquidity","Breakout, Candle, Liquidity"
RUBY,29.33,23.197500000000026,19.718599999999988,14.379299999999999,62.722972672896795,3.1259653109817593,39.83,-26.36203866432337,NONE,NONE,BULLISH,66.36,ILLIQUID,True,True,True,False,False,True,163645.45,4498772.864,False,PASSED,NONE,"Breakout, Candle, Liquidity","Breakout/Retest, Liquidity","Breakout, Candle, Liquidity"
ARUJ,12.5,12.05500000000002,11.565999999999969,11.512949999999995,58.12079586253401,0.7172027038754256,13.0,-3.8461538461538463,NONE,STRONG_BULLISH,BULLISH,66.23,ILLIQUID,True,True,False,False,True,True,118688.9,1466005.9145,False,FAILED,NONE,"Volume, Breakout, Liquidity","Volume, Breakout/Retest, Liquidity","Volume, Breakout, Liquidity"
GATI,95.01,88.03050000000029,87.53380000000003,95.65184999999988,59.903390771569946,1.3398823000402327,108.98,-12.81886584694439,RETEST,NONE,BULLISH,65.85,ILLIQUID,False,True,False,True,False,True,101410.4,9894998.7875,False,PARTIAL,Volume,"Trend, Candle, Liquidity","Trend, Volume, Liquidity","Trend, Candle, Liquidity, Volume (partial: 13.40/15)"
HABSM,81.99,81.50300000000004,79.40100000000005,76.52304999999998,57.353228876325815,0.7141406643483807,84.9,-3.4275618374558428,NONE,STRONG_BULLISH,BULLISH,65.82,ILLIQUID,True,True,False,False,True,True,43581.05,3546209.244,False,FAILED,NONE,"Volume, Breakout, Liquidity","Volume, Breakout/Retest, Liquidity","Volume, Breakout, Liquidity"
SMBL,2.17,1.8834999999999984,1.8612,1.9239000000000015,68.60909448293924,1.3531266421439831,2.22,-2.252252252252264,EARLY_BREAKOUT,NONE,BULLISH,65.34,ILLIQUID,False,True,False,True,False,True,1141800.0,2306404.0,False,PARTIAL,Volume,"Trend, Candle, Liquidity","Trend, Volume, Breakout/Retest, Liquidity","Trend, Candle, Liquidity, Volume (partial: 13.53/15)"
PMI,4.7,4.339499999999996,3.427599999999997,2.717150000000004,62.42982300182524,0.4061106507888571,5.09,-7.6620825147347675,NONE,STRONG_BULLISH,BULLISH,65.28,DEVELOPING,True,True,False,False,True,True,9753553.6,44488568.7605,True,FAILED,NONE,"Volume, Breakout","Volume, Breakout/Retest","Volume, Breakout"
KSBP,248.97,246.3675000000003,232.07400000000018,205.11440000000061,57.402006562852954,0.633916800713483,262.74,-5.240922585065087,NONE,STRONG_BULLISH,BULLISH,65.04,ILLIQUID,True,True,False,False,True,True,89925.05,22518701.3805,False,FAILED,NONE,"Volume, Breakout, Liquidity","Volume, Breakout/Retest, Liquidity","Volume, Breakout, Liquidity"
FATIMA,159.49,160.0504999999999,158.59259999999998,149.48949999999996,49.70645890119055,1.8963903804472901,167.5,-4.7820895522388005,NONE,STRONG_BULLISH,BULLISH,65.0,DEVELOPING,True,False,True,False,True,True,852538.6,137107000.3615,True,PASSED,NONE,"RSI, Breakout","RSI, Breakout/Retest","RSI, Breakout"
IDSM,60.72,63.96100000000003,56.17760000000003,32.01825000000001,50.278780555581825,1.4509357166161234,86.0,-29.395348837209305,NONE,STRONG_BULLISH,BULLISH,64.65,ILLIQUID,True,True,False,False,True,True,18696.9,1269259.8235,False,PARTIAL,Volume,"Breakout, Liquidity","Volume, Breakout/Retest, Liquidity","Breakout, Liquidity, Volume (partial: 14.51/15)"
PAKOXY,306.5,287.4609999999996,289.1264000000001,291.31475000000006,68.69314013973694,7.770470209332253,308.0,-0.487012987012987,EARLY_BREAKOUT,STRONG_BULLISH,BULLISH,64.35,ILLIQUID,False,True,True,True,True,True,42817.1,12515435.934,False,PASSED,NONE,"Trend, Liquidity","Trend, Breakout/Retest, Liquidity","Trend, Liquidity"
PCAL,180.5,167.4585000000005,166.98300000000003,172.18945000000014,66.07784820669623,0.3373768006065201,203.75,-11.411042944785276,RETEST,NONE,BULLISH,63.91,ILLIQUID,False,True,False,True,False,True,10024.4,1770838.8429999999,False,FAILED,NONE,"Trend, Volume, Candle, Liquidity","Trend, Volume, Liquidity","Trend, Volume, Candle, Liquidity"
SIEM,1575.0,1521.851000000001,1528.354600000001,1532.5363000000038,67.14914132202924,2.9243976737745774,1608.0,-2.0522388059701493,EARLY_BREAKOUT,STRONG_BULLISH,BULLISH,63.57,ILLIQUID,False,True,True,True,True,True,180.55,275486.056,False,PASSED,NONE,"Trend, Liquidity","Trend, Breakout/Retest, Liquidity","Trend, Liquidity"
FZCM,269.43,258.1204999999998,257.8473999999998,239.75529999999995,56.5499195198336,0.5277035935228694,282.98,-4.788324263198816,NONE,STRONG_BULLISH,BULLISH,63.55,ILLIQUID,True,True,False,False,True,True,2958.1,775084.8555,False,FAILED,NONE,"Volume, Breakout, Liquidity","Volume, Breakout/Retest, Liquidity","Volume, Breakout, Liquidity"
OTSU,415.0,410.87750000000005,377.2195999999998,348.1830999999999,58.21050436543449,1.3525302727536677,433.82,-4.338204785394863,NONE,NONE,BULLISH,62.63,ILLIQUID,True,True,False,False,False,True,14637.75,6046292.646500001,False,PARTIAL,Volume,"Breakout, Candle, Liquidity","Volume, Breakout/Retest, Liquidity","Breakout, Candle, Liquidity, Volume (partial: 13.53/15)"
JKSM,320.14,289.4495000000001,236.85640000000018,192.80144999999996,61.979587709604324,0.13075875330502362,387.2,-17.319214876033058,NONE,STRONG_BULLISH,BULLISH,62.3,ILLIQUID,True,True,False,False,True,True,3120.25,995352.6635,False,FAILED,NONE,"Volume, Breakout, Liquidity","Volume, Breakout/Retest, Liquidity","Volume, Breakout, Liquidity"
AHCL,16.22,15.911500000000013,15.696200000000006,15.503950000000016,56.44173153253648,0.35421391109560363,16.7,-2.8742514970059907,EARLY_BREAKOUT,NONE,BULLISH,61.76,DEVELOPING,True,True,False,True,False,True,3125368.5,50333541.419,True,FAILED,NONE,"Volume, Candle","Volume, Breakout/Retest","Volume, Candle"
APL,560.95,547.8975000000007,544.3714000000009,555.2848000000005,60.221076176779604,0.40199173774405855,564.85,-0.6904487917146105,RETEST,NONE,BULLISH,61.63,ILLIQUID,False,True,False,True,False,True,31831.5,17513861.973,False,FAILED,NONE,"Trend, Volume, Candle, Liquidity","Trend, Volume, Liquidity","Trend, Volume, Candle, Liquidity"
SYM,12.86,12.237999999999996,11.622399999999997,12.029500000000008,62.92930887188205,0.2577396664262046,13.1,-1.8320610687022918,RETEST,NONE,BULLISH,61.54,DEVELOPING,False,True,False,True,False,True,2102272.45,26221872.447499998,True,FAILED,NONE,"Trend, Volume, Candle","Trend, Volume","Trend, Volume, Candle"
WAVESAPP,9.3,9.010499999999992,8.953800000000008,9.028900000000004,57.979728773934546,1.463074769638244,10.05,-7.462686567164178,NONE,STRONG_BULLISH,BULLISH,61.12,DEVELOPING,False,True,False,False,True,True,4315923.65,38927782.394999996,True,PARTIAL,Volume,"Trend, Breakout","Trend, Volume, Breakout/Retest","Trend, Breakout, Volume (partial: 14.63/15)"
SURC,148.37,152.237,145.1130000000001,125.40465000000006,49.26945641856776,0.06770701434189422,172.0,-13.738372093023255,RETEST,NONE,BULLISH,60.68,ILLIQUID,True,False,False,True,False,True,68707.8,10887190.458,False,FAILED,NONE,"RSI, Volume, Candle, Liquidity","RSI, Volume, Liquidity","RSI, Volume, Candle, Liquidity"
BWHL,227.31,230.59150000000008,225.68639999999985,204.39164999999986,47.57446494754249,1.0627904087464282,242.0,-6.070247933884296,NONE,STRONG_BULLISH,BULLISH,60.63,ILLIQUID,True,False,False,False,True,True,20122.5,4632358.4975000005,False,PARTIAL,Volume,"RSI, Breakout, Liquidity","RSI, Volume, Breakout/Retest, Liquidity","RSI, Breakout, Liquidity, Volume (partial: 10.63/15)"
BRRG,46.92,48.1355,47.46379999999999,42.70064999999999,47.34987105601427,1.607302850488858,53.76,-12.72321428571428,NONE,STRONG_BULLISH,BULLISH,60.0,ILLIQUID,True,False,True,False,True,True,33148.7,1523952.419,False,PASSED,NONE,"RSI, Breakout, Liquidity","RSI, Breakout/Retest, Liquidity","RSI, Breakout, Liquidity"
JSGCL,161.53,164.9154999999999,164.4267999999999,157.61939999999998,43.50985336000663,1.724864205742157,185.87,-13.095174046376501,NONE,STRONG_BULLISH,BULLISH,60.0,ILLIQUID,True,False,True,False,True,True,451.05,75608.73049999999,False,PASSED,NONE,"RSI, Breakout, Liquidity","RSI, Breakout/Retest, Liquidity","RSI, Breakout, Liquidity"
PREMA,38.44,35.57650000000005,34.58939999999998,34.999850000000016,61.4291042511638,1.1044962101221436,40.78,-5.7381069151544954,NONE,STRONG_BULLISH,BULLISH,59.26,NO_BUY,False,True,False,False,True,True,5723878.4,216781772.9855,True,PARTIAL,Volume,"Trend, Breakout","Trend, Volume, Breakout/Retest","Trend, Breakout, Volume (partial: 11.04/15)"
JATM,46.33,49.33049999999991,39.91699999999998,26.33914999999992,47.81398396105408,0.863901078630671,71.99,-35.64383942214196,NONE,STRONG_BULLISH,BULLISH,58.64,NO_BUY,True,False,False,False,True,True,198687.1,10826242.010000002,True,FAILED,NONE,"RSI, Volume, Breakout","RSI, Volume, Breakout/Retest","RSI, Volume, Breakout"
ASL,14.74,13.741000000000042,13.336199999999973,12.451399999999994,63.37587414816451,0.6441911071484141,15.3,-3.6601307189542513,NONE,NONE,BULLISH,58.13,NO_BUY,True,True,False,False,False,True,6276533.4,90195810.513,True,FAILED,NONE,"Volume, Breakout, Candle","Volume, Breakout/Retest","Volume, Breakout, Candle"
FASM,330.62,327.6739999999997,327.3252000000004,322.53615000000036,49.66842187885975,0.24703589946827834,393.86,-16.056466764840298,NONE,STRONG_BULLISH,BULLISH,57.47,ILLIQUID,True,False,False,False,True,True,1513.95,510711.9545,False,FAILED,NONE,"RSI, Volume, Breakout, Liquidity","RSI, Volume, Breakout/Retest, Liquidity","RSI, Volume, Breakout, Liquidity"
PTC,71.04,71.28549999999993,69.70180000000003,57.133800000000036,51.5046864553467,0.6621523172786654,74.6,-4.7721179624664725,NONE,STRONG_BULLISH,BULLISH,57.37,NO_BUY,True,True,False,False,True,True,3698244.25,263337848.377,True,FAILED,NONE,"Volume, Breakout","Volume, Breakout/Retest","Volume, Breakout"
SILK,1.14,1.1245000000000027,1.0682000000000011,0.9831999999999992,55.95834084921619,0.8229244047331082,1.19,-4.201680672268911,NONE,NONE,BULLISH,56.21,ILLIQUID,True,True,False,False,False,True,5529347.5,6277027.2215,False,FAILED,NONE,"Volume, Breakout, Candle, Liquidity","Volume, Breakout/Retest, Liquidity","Volume, Breakout, Candle, Liquidity"
IGIL,20.93,20.20800000000001,19.776199999999978,20.891500000000022,56.01312354340354,1.057144857196192,22.7,-7.7973568281938315,NONE,STRONG_BULLISH,BULLISH,56.08,ILLIQUID,False,True,False,False,True,True,17142.4,361075.482,False,PARTIAL,Volume,"Trend, Breakout, Liquidity","Trend, Volume, Breakout/Retest, Liquidity","Trend, Breakout, Liquidity, Volume (partial: 10.57/15)"
BAFS,549.99,557.9414999999997,429.0923999999998,302.00345000000004,59.063286919015965,0.10934791305507402,620.0,-11.291935483870965,NONE,STRONG_BULLISH,BULLISH,55.63,ILLIQUID,True,True,False,False,True,True,4499.4,2521863.9035,False,FAILED,NONE,"Volume, Breakout, Liquidity","Volume, Breakout/Retest, Liquidity","Volume, Breakout, Liquidity"
ORM,11.2,11.092500000000012,10.686999999999989,11.020200000000004,53.51120049333348,0.13288516216085972,12.0,-6.666666666666672,RETEST,NONE,BULLISH,55.58,ILLIQUID,False,True,False,True,False,True,273913.2,3140311.282,False,FAILED,NONE,"Trend, Volume, Candle, Liquidity","Trend, Volume, Liquidity","Trend, Volume, Candle, Liquidity"
JSIL,45.47,45.55750000000002,45.131200000000035,42.17519999999999,50.81103147349972,6.395034028868447,49.49,-8.1228531016367,NONE,NONE,BULLISH,55.41,ILLIQUID,True,True,True,False,False,True,6685.5,305781.71349999995,False,PASSED,NONE,"Breakout, Candle, Liquidity","Breakout/Retest, Liquidity","Breakout, Candle, Liquidity"
BFMOD,22.29,22.522500000000008,22.51259999999999,22.39035000000001,46.60685749500654,2.746447252214613,24.49,-8.983258472846058,NONE,STRONG_BULLISH,BULLISH,55.0,ILLIQUID,True,False,True,False,True,True,33628.9,764072.8385,False,PASSED,NONE,"RSI, Breakout, Liquidity","RSI, Breakout/Retest, Liquidity","RSI, Breakout, Liquidity"
LSEFSL,23.89,19.744000000000003,20.784199999999995,20.174149999999987,71.71517380666201,8.727676289317944,26.0,-8.115384615384613,NONE,STRONG_BULLISH,BULLISH,55.0,ILLIQUID,False,False,True,False,True,True,64065.85,1425022.378,False,PASSED,NONE,"Trend, RSI, Breakout, Liquidity","Trend, RSI, Breakout/Retest, Liquidity","Trend, RSI, Breakout, Liquidity"
SAPL,870.0,734.6890000000005,741.7482000000003,963.7473999999993,69.68511780646048,1.0077519379844961,929.99,-6.45060699577415,RETEST,NONE,BULLISH,54.92,ILLIQUID,False,True,False,True,False,True,645.0,493672.25,False,PARTIAL,Volume,"Trend, Candle, Liquidity","Trend, Volume, Liquidity","Trend, Candle, Liquidity, Volume (partial: 10.08/15)"
DSIL,11.28,12.057999999999984,10.977399999999998,10.268650000000006,47.20243135790508,0.4219851936907533,16.99,-33.608004708652146,NONE,STRONG_BULLISH,BULLISH,54.22,NO_BUY,True,False,False,False,True,True,17081272.3,221675159.6305,True,FAILED,NONE,"RSI, Volume, Breakout","RSI, Volume, Breakout/Retest","RSI, Volume, Breakout"
MEBL,569.91,573.9125000000006,548.7512000000002,485.18944999999957,52.23784429836288,0.30043355984106496,599.61,-4.953219592735286,NONE,STRONG_BULLISH,BULLISH,54.12,NO_BUY,True,True,False,False,True,True,1264416.0,731041137.4885,True,FAILED,NONE,"Volume, Breakout","Volume, Breakout/Retest","Volume, Breakout"
AICL,86.25,88.9714999999999,83.16720000000001,82.77759999999985,49.900908568247395,0.37862909526769345,96.37,-10.50119331742244,NONE,STRONG_BULLISH,BULLISH,53.79,NO_BUY,True,False,False,False,True,True,1574900.1,142021145.745,True,FAILED,NONE,"RSI, Volume, Breakout","RSI, Volume, Breakout/Retest","RSI, Volume, Breakout"
KHYT,1981.92,2023.2869999999998,1838.9491999999998,1688.636199999999,51.76298958199907,0.2863961813842482,2259.95,-12.30248456824265,NONE,STRONG_BULLISH,BULLISH,53.75,ILLIQUID,True,True,False,False,True,True,146.65,298934.6225,False,FAILED,NONE,"Volume, Breakout, Liquidity","Volume, Breakout/Retest, Liquidity","Volume, Breakout, Liquidity"
SEPL,155.16,151.5329999999999,149.30220000000014,156.3455000000003,58.34171357162922,0.2022931946022594,160.74,-3.471444568868989,RETEST,NONE,BULLISH,53.69,ILLIQUID,False,True,False,True,False,True,53244.5,8159852.284,False,FAILED,NONE,"Trend, Volume, Candle, Liquidity","Trend, Volume, Liquidity","Trend, Volume, Candle, Liquidity"
ARCTM,50.88,43.758500000000026,41.19220000000004,32.09579999999996,58.462863313728846,0.43469930547143343,64.98,-21.69898430286242,NONE,NONE,BULLISH,53.58,ILLIQUID,True,True,False,False,False,True,207205.3,9658216.0285,False,FAILED,NONE,"Volume, Breakout, Candle, Liquidity","Volume, Breakout/Retest, Liquidity","Volume, Breakout, Candle, Liquidity"
TPLT,29.0,29.481000000000012,26.56259999999999,15.152950000000008,56.28036990935724,0.01432398416790035,30.49,-4.886848146933416,NONE,STRONG_BULLISH,BULLISH,53.28,NO_BUY,True,True,False,False,True,True,1092224.05,32609978.450999998,True,FAILED,NONE,"Volume, Breakout","Volume, Breakout/Retest","Volume, Breakout"
SRVI,2249.33,2120.8459999999995,2142.6669999999967,1766.5055999999997,66.0940667081399,3.7988794743393357,2390.0,-5.885774058577409,NONE,STRONG_BULLISH,BULLISH,53.05,ILLIQUID,False,True,True,False,True,True,19160.65,41951779.9515,False,PASSED,NONE,"Trend, Breakout, Liquidity","Trend, Breakout/Retest, Liquidity","Trend, Breakout, Liquidity"
CFL,66.59,59.28400000000005,60.205799999999996,59.907050000000034,65.88179365514256,2.9593407588517615,69.0,-3.492753623188401,NONE,BULLISH_ENGULFING,BULLISH,52.94,ILLIQUID,False,True,True,False,True,True,552.15,33852.328,False,PASSED,NONE,"Trend, Breakout, Liquidity","Trend, Breakout/Retest, Liquidity","Trend, Breakout, Liquidity"
HUSI,53.21,58.21900000000003,52.792599999999986,35.6904,42.65932236707714,0.2897265754015002,71.85,-25.9429366736256,NONE,STRONG_BULLISH,BULLISH,52.9,ILLIQUID,True,False,False,False,True,True,28309.45,1708009.457,False,FAILED,NONE,"RSI, Volume, Breakout, Liquidity","RSI, Volume, Breakout/Retest, Liquidity","RSI, Volume, Breakout, Liquidity"
GAMON,25.54,25.126500000000036,22.473800000000068,20.898149999999973,55.615477376770066,0.4877447520586333,28.6,-10.699300699300707,NONE,NONE,BULLISH,52.69,ILLIQUID,True,True,False,False,False,True,170373.95,4454250.109,False,FAILED,NONE,"Volume, Breakout, Candle, Liquidity","Volume, Breakout/Retest, Liquidity","Volume, Breakout, Candle, Liquidity"
SZTM,94.97,91.17300000000003,87.95580000000012,61.60699999999997,55.0931671134612,0.48938772149363796,118.95,-20.15973097940311,NONE,NONE,BULLISH,52.44,ILLIQUID,True,True,False,False,False,True,49185.95,4608615.824,False,FAILED,NONE,"Volume, Breakout, Candle, Liquidity","Volume, Breakout/Retest, Liquidity","Volume, Breakout, Candle, Liquidity"
IMS,22.37,23.8845,22.101200000000002,19.874200000000005,47.313280902990456,0.22687750828192632,29.0,-22.86206896551724,NONE,STRONG_BULLISH,BULLISH,52.27,NO_BUY,True,False,False,False,True,True,2770098.3,71660595.2205,True,FAILED,NONE,"RSI, Volume, Breakout","RSI, Volume, Breakout/Retest","RSI, Volume, Breakout"
DBCI,13.37,16.716,13.083200000000007,8.2955,44.35422477459302,0.20231362096448924,26.0,-48.57692307692308,NONE,STRONG_BULLISH,BULLISH,52.02,NO_BUY,True,False,False,False,True,True,6346839.1,120954370.243,True,FAILED,NONE,"RSI, Volume, Breakout","RSI, Volume, Breakout/Retest","RSI, Volume, Breakout"
TPL,22.3,21.12649999999998,18.398199999999996,11.3422,61.76934858678334,0.1056499423933506,23.59,-5.468418821534545,NONE,NONE,BULLISH,51.94,NO_BUY,True,True,False,False,False,True,14189160.6,297377651.31,True,FAILED,NONE,"Volume, Breakout, Candle","Volume, Breakout/Retest","Volume, Breakout, Candle"
INKL,103.75,95.15150000000007,96.42319999999992,88.73649999999994,63.75715986826033,5.305709739284414,125.36,-17.23835354179962,NONE,STRONG_BULLISH,BULLISH,51.88,ILLIQUID,False,True,True,False,True,True,98601.7,9865927.499000002,False,PASSED,NONE,"Trend, Breakout, Liquidity","Trend, Breakout/Retest, Liquidity","Trend, Breakout, Liquidity"
UCAPM,6.29,6.067499999999994,5.803000000000002,5.736600000000002,58.66535561600036,0.2409068709653117,6.8,-7.499999999999997,NONE,NONE,BULLISH,51.74,ILLIQUID,True,True,False,False,False,True,343784.3,2117103.8085000003,False,FAILED,NONE,"Volume, Breakout, Candle, Liquidity","Volume, Breakout/Retest, Liquidity","Volume, Breakout, Candle, Liquidity"
SKRS,28.95,29.69049999999998,28.785200000000003,27.77105000000001,48.02000873702857,0.1357690821789282,30.99,-6.58276863504356,NONE,STRONG_BULLISH,BULLISH,51.36,ILLIQUID,True,False,False,False,True,True,187531.65,5638035.578500001,False,FAILED,NONE,"RSI, Volume, Breakout, Liquidity","RSI, Volume, Breakout/Retest, Liquidity","RSI, Volume, Breakout, Liquidity"
NSRM,231.78,250.75399999999996,226.28620000000018,154.1667999999999,46.14935300459377,0.13026840719732952,362.31,-36.02715906268113,NONE,STRONG_BULLISH,BULLISH,51.3,ILLIQUID,True,False,False,False,True,True,3684.7,980329.6460000001,False,FAILED,NONE,"RSI, Volume, Breakout, Liquidity","RSI, Volume, Breakout/Retest, Liquidity","RSI, Volume, Breakout, Liquidity"
INIL,177.63,164.38649999999978,167.80060000000032,170.98205000000024,62.04373510712718,11.143922791602394,190.0,-6.510526315789476,NONE,STRONG_BULLISH,BULLISH,51.02,NO_BUY,False,True,True,False,True,True,291237.75,50029816.671,True,PASSED,NONE,"Trend, Breakout","Trend, Breakout/Retest","Trend, Breakout"
KSTM,13.32,13.67600000000001,13.087600000000009,11.481849999999993,48.993627379857486,0.10233183562726829,16.28,-18.181818181818183,NONE,STRONG_BULLISH,BULLISH,51.02,ILLIQUID,True,False,False,False,True,True,90059.95,1247415.9825,False,FAILED,NONE,"RSI, Volume, Breakout, Liquidity","RSI, Volume, Breakout/Retest, Liquidity","RSI, Volume, Breakout, Liquidity"
TPLI,55.74,67.25999999999999,50.167999999999964,29.901249999999973,44.42501410696466,0.06830209031734526,90.55,-38.44284925455549,NONE,STRONG_BULLISH,BULLISH,50.68,NO_BUY,True,False,False,False,True,True,161678.8,11680238.536,True,FAILED,NONE,"RSI, Volume, Breakout","RSI, Volume, Breakout/Retest","RSI, Volume, Breakout"
TICL,1346.06,1293.5819999999997,1096.0191999999986,821.5331999999996,59.95069415672904,0.0690637376358351,1485.0,-9.356228956228959,NONE,NONE,BULLISH,50.67,ILLIQUID,True,True,False,False,False,True,5125.7,6471244.713,False,FAILED,NONE,"Volume, Breakout, Candle, Liquidity","Volume, Breakout/Retest, Liquidity","Volume, Breakout, Candle, Liquidity"
NAGC,79.62,79.97500000000004,78.78060000000006,70.09764999999989,49.85185887842455,0.04223264502243609,90.01,-11.543161870903234,NONE,STRONG_BULLISH,BULLISH,50.42,ILLIQUID,True,False,False,False,True,True,2462.55,197856.078,False,FAILED,NONE,"RSI, Volume, Breakout, Liquidity","RSI, Volume, Breakout/Retest, Liquidity","RSI, Volume, Breakout, Liquidity"
PAKL,55.91,51.85,51.93179999999998,47.064199999999985,60.52152666476211,2.6812678547136444,69.99,-20.117159594227747,NONE,STRONG_BULLISH,BULLISH,50.26,ILLIQUID,False,True,True,False,True,True,3675.5,193325.34749999997,False,PASSED,NONE,"Trend, Breakout, Liquidity","Trend, Breakout/Retest, Liquidity","Trend, Breakout, Liquidity"
SANSM,127.34,127.9559999999999,126.46820000000017,101.43629999999999,48.863909662756264,0.012393621416177808,140.95,-9.655906349769412,NONE,STRONG_BULLISH,BULLISH,50.12,ILLIQUID,True,False,False,False,True,True,1210.3,155839.053,False,FAILED,NONE,"RSI, Volume, Breakout, Liquidity","RSI, Volume, Breakout/Retest, Liquidity","RSI, Volume, Breakout, Liquidity"
ILP,100.04,102.65850000000009,100.59739999999991,85.58514999999996,45.34040673491035,2.541684960647089,109.36,-8.52231163130943,NONE,NONE,BULLISH,50.0,NO_BUY,True,False,True,False,False,True,686359.65,70545736.9235,True,PASSED,NONE,"RSI, Breakout, Candle","RSI, Breakout/Retest","RSI, Breakout, Candle"
OLPL,49.0,50.02249999999997,49.676400000000015,48.53865000000006,38.80569320533109,5.337639591758402,51.48,-4.817404817404811,NONE,NONE,BULLISH,50.0,ILLIQUID,True,False,True,False,False,True,28919.15,1432409.1885,False,PASSED,NONE,"RSI, Breakout, Candle, Liquidity","RSI, Breakout/Retest, Liquidity","RSI, Breakout, Candle, Liquidity"
NEXT,14.06,14.986999999999991,14.34220000000004,12.995549999999987,42.81959793266193,2.4176005169169956,19.99,-29.6648324162081,NONE,NONE,BULLISH,50.0,ILLIQUID,True,False,True,False,False,True,15785.9,234802.86949999997,False,PASSED,NONE,"RSI, Breakout, Candle, Liquidity","RSI, Breakout/Retest, Liquidity","RSI, Breakout, Candle, Liquidity"
JGICL,79.87,80.49950000000008,80.09060000000008,77.06495000000001,48.32952398501029,4.863553172226478,90.54,-11.784846476695385,NONE,NONE,BULLISH,50.0,NO_BUY,True,False,True,False,False,True,179487.5,15477100.093,True,PASSED,NONE,"RSI, Breakout, Candle","RSI, Breakout/Retest","RSI, Breakout, Candle"
PINL,11.75,11.74150000000001,10.897999999999998,9.727099999999984,52.189344618792745,0.3794075245670465,15.39,-23.651721897335936,NONE,NONE,BULLISH,49.89,NO_BUY,True,True,False,False,False,True,1254571.85,15271760.5535,True,FAILED,NONE,"Volume, Breakout, Candle","Volume, Breakout/Retest","Volume, Breakout, Candle"
PPL,240.66,225.86899999999997,231.24380000000033,226.20074999999963,62.7192759925191,1.3503276554432544,253.0,-4.8774703557312264,NONE,STRONG_BULLISH,BULLISH,49.86,NO_BUY,False,True,False,False,True,True,6046031.1,1392488097.493,True,PARTIAL,Volume,"Trend, Breakout","Trend, Volume, Breakout/Retest","Trend, Breakout, Volume (partial: 13.50/15)"
AKGL,70.31,63.85499999999998,57.18599999999999,57.29130000000005,54.7018847293777,3.2804804515086468,96.21,-26.92027855732252,NONE,NONE,BULLISH,49.85,ILLIQUID,False,True,True,False,False,True,10365.25,827263.7975,False,PASSED,NONE,"Trend, Breakout, Candle, Liquidity","Trend, Breakout/Retest, Liquidity","Trend, Breakout, Candle, Liquidity"
FABL,96.07,99.52299999999991,98.8136000000001,92.22444999999988,38.44547581467667,0.4772561334084424,104.5,-8.066985645933022,NONE,STRONG_BULLISH,BULLISH,49.77,NO_BUY,True,False,False,False,True,True,838069.9,83807010.48349999,True,FAILED,NONE,"RSI, Volume, Breakout","RSI, Volume, Breakout/Retest","RSI, Volume, Breakout"
SAIF,47.37,46.01349999999998,44.858600000000045,34.45845,53.573408680239126,0.28303769980448634,54.38,-12.890768664950357,NONE,NONE,BULLISH,49.62,ILLIQUID,True,True,False,False,False,True,107204.8,4985549.571,False,FAILED,NONE,"Volume, Breakout, Candle, Liquidity","Volume, Breakout/Retest, Liquidity","Volume, Breakout, Candle, Liquidity"
IGIHL,265.02,274.3640000000001,270.3971999999997,248.4641499999998,45.493673230026495,0.4267517924806927,320.0,-17.181250000000006,NONE,STRONG_BULLISH,BULLISH,49.27,NO_BUY,True,False,False,False,True,True,119352.75,33075652.199,True,FAILED,NONE,"RSI, Volume, Breakout","RSI, Volume, Breakout/Retest","RSI, Volume, Breakout"
TPLP,14.52,14.47450000000003,12.819999999999967,10.497300000000019,54.01410471398652,0.20615286056312043,15.8,-8.101265822784818,NONE,NONE,BULLISH,49.07,NO_BUY,True,True,False,False,False,True,24343698.1,352079817.368,True,FAILED,NONE,"Volume, Breakout, Candle","Volume, Breakout/Retest","Volume, Breakout, Candle"
ASHT,36.53,38.22799999999999,36.20819999999999,27.710699999999985,46.92151787705694,0.895187773947538,59.68,-38.79021447721179,NONE,NONE,BULLISH,48.95,ILLIQUID,True,False,False,False,False,True,36754.3,1557100.2205,False,FAILED,NONE,"RSI, Volume, Breakout, Candle, Liquidity","RSI, Volume, Breakout/Retest, Liquidity","RSI, Volume, Breakout, Candle, Liquidity"
AHTM,100.2,97.42000000000004,96.17279999999997,87.37815000000018,54.96693023259072,0.12396842268693793,129.49,-22.619507297860842,NONE,NONE,BULLISH,48.72,ILLIQUID,True,True,False,False,False,True,4186.55,411198.9155,False,FAILED,NONE,"Volume, Breakout, Candle, Liquidity","Volume, Breakout/Retest, Liquidity","Volume, Breakout, Candle, Liquidity"
TSPL,17.03,16.425499999999996,15.888399999999985,12.92764999999999,52.67503203186463,0.23748008194855452,20.11,-15.315763301839871,NONE,NONE,BULLISH,48.71,ILLIQUID,True,True,False,False,False,True,228436.0,4031187.2424999997,False,FAILED,NONE,"Volume, Breakout, Candle, Liquidity","Volume, Breakout/Retest, Liquidity","Volume, Breakout, Candle, Liquidity"
SHNI,9.27,9.208000000000007,8.653200000000002,9.080900000000007,52.41154442676893,2.0921945858123054,11.45,-19.039301310043665,NONE,NONE,BULLISH,48.71,ILLIQUID,False,True,True,False,False,True,826232.9,7655961.6155,False,PASSED,NONE,"Trend, Breakout, Candle, Liquidity","Trend, Breakout/Retest, Liquidity","Trend, Breakout, Candle, Liquidity"
CJPL,19.3,23.522000000000002,19.079,16.800300000000004,40.559045374846285,0.845214656071069,28.39,-32.01831630855935,NONE,NONE,BULLISH,48.45,NO_BUY,True,False,False,False,False,True,1088024.2,25679520.1715,True,FAILED,NONE,"RSI, Volume, Breakout, Candle","RSI, Volume, Breakout/Retest","RSI, Volume, Breakout, Candle"
SAPT,1500.1,1455.939999999999,1461.6836000000028,1381.6371999999985,56.84124076373411,9.341894060995186,1563.55,-4.0580729749608295,NONE,BULLISH_ENGULFING,BULLISH,48.42,ILLIQUID,False,True,True,False,True,True,62.3,91558.606,False,PASSED,NONE,"Trend, Breakout, Liquidity","Trend, Breakout/Retest, Liquidity","Trend, Breakout, Liquidity"
GCIL,35.36,36.36799999999998,35.4276,32.333,47.06935750567122,0.33110192155199847,40.0,-11.600000000000001,NONE,STRONG_BULLISH,BULLISH,48.31,NO_BUY,True,False,False,False,True,True,4762530.5,176022970.7855,True,FAILED,NONE,"RSI, Volume, Breakout","RSI, Volume, Breakout/Retest","RSI, Volume, Breakout"
MCB,405.24,412.08250000000015,410.0632000000005,393.9722000000001,42.83598553761146,0.3151738475870461,433.94,-6.613817578467067,NONE,STRONG_BULLISH,BULLISH,48.15,NO_BUY,True,False,False,False,True,True,241149.45,100057895.631,True,FAILED,NONE,"RSI, Volume, Breakout","RSI, Volume, Breakout/Retest","RSI, Volume, Breakout"
STPL,9.06,9.034,8.622199999999998,7.9552500000000235,52.50848592829502,0.1793135511754781,10.18,-11.001964636542233,NONE,NONE,BULLISH,48.05,NO_BUY,True,True,False,False,False,True,11390120.75,107284338.095,True,FAILED,NONE,"Volume, Breakout, Candle","Volume, Breakout/Retest","Volume, Breakout, Candle"
OGDC,325.82,318.21999999999986,324.85579999999993,299.6441500000002,56.10776463225141,1.9425688970694617,348.72,-6.566873136040385,NONE,STRONG_BULLISH,BULLISH,48.05,NO_BUY,False,True,True,False,True,True,3797017.45,1212467636.8815,True,PASSED,NONE,"Trend, Breakout","Trend, Breakout/Retest","Trend, Breakout"
EFUG,126.2,123.98199999999967,124.48360000000001,124.7779,56.05507615434867,5.4502782234663565,130.98,-3.649412123988385,NONE,STRONG_BULLISH,BULLISH,48.03,ILLIQUID,False,True,True,False,True,True,11717.2,1465906.0775000001,False,PASSED,NONE,"Trend, Breakout, Liquidity","Trend, Breakout/Retest, Liquidity","Trend, Breakout, Liquidity"
SHCM,59.2,57.03500000000006,52.69599999999994,49.845500000000044,54.97842269634762,0.01979817805559704,71.1,-16.736990154711663,NONE,NONE,BULLISH,47.69,ILLIQUID,True,True,False,False,False,True,11718.25,682590.8875,False,FAILED,NONE,"Volume, Breakout, Candle, Liquidity","Volume, Breakout/Retest, Liquidity","Volume, Breakout, Candle, Liquidity"
HPL,4002.97,4000.818499999996,4010.75,4129.086450000002,49.393311091774144,0.7608832807570978,4150.04,-3.543821264373359,RETEST,STRONG_BULLISH,BULLISH,47.61,ILLIQUID,False,False,False,True,True,True,792.5,3226310.1829999997,False,FAILED,NONE,"Trend, RSI, Volume, Liquidity","Trend, RSI, Volume, Liquidity","Trend, RSI, Volume, Liquidity"
STML,53.67,53.177500000000066,49.706200000000024,36.509200000000035,52.67668159729737,0.09920478224155423,70.38,-23.742540494458645,NONE,NONE,BULLISH,47.33,ILLIQUID,True,True,False,False,False,True,16460.9,891722.0885,False,FAILED,NONE,"Volume, Breakout, Candle, Liquidity","Volume, Breakout/Retest, Liquidity","Volume, Breakout, Candle, Liquidity"
IMAGE,26.75,26.93300000000001,26.4734,24.51810000000004,50.010191570176495,0.7240976926283079,27.99,-4.4301536262951,NONE,NONE,BULLISH,47.25,NO_BUY,True,True,False,False,False,True,549783.55,14846432.002,True,FAILED,NONE,"Volume, Breakout, Candle","Volume, Breakout/Retest","Volume, Breakout, Candle"
WHALE,8.01,8.675999999999991,7.60439999999999,6.082799999999996,45.45526322742163,0.6867180604504466,9.85,-18.68020304568528,NONE,NONE,BULLISH,46.87,NO_BUY,True,False,False,False,False,True,4050425.0,35632383.5,True,FAILED,NONE,"RSI, Volume, Breakout, Candle","RSI, Volume, Breakout/Retest","RSI, Volume, Breakout, Candle"
ICIBL,18.23,19.8825,13.614200000000013,7.01975,51.447429428138726,0.6024386145524263,24.24,-24.793729372937285,NONE,NONE,BULLISH,46.75,ILLIQUID,True,True,False,False,False,True,110394.65,2211569.82,False,FAILED,NONE,"Volume, Breakout, Candle, Liquidity","Volume, Breakout/Retest, Liquidity","Volume, Breakout, Candle, Liquidity"
NATF,375.1,384.4750000000005,384.2011999999997,383.0626499999999,42.58041156061865,0.6674871931911716,410.2,-8.556801560214522,NONE,STRONG_BULLISH,BULLISH,46.67,NO_BUY,True,False,False,False,True,True,116754.3,44768463.7545,True,FAILED,NONE,"RSI, Volume, Breakout","RSI, Volume, Breakout/Retest","RSI, Volume, Breakout"
AGIC,42.43,42.399500000000046,41.800600000000024,38.47225000000003,52.3078858952634,0.049232941204621794,44.86,-5.416852429781542,NONE,NONE,BULLISH,46.65,ILLIQUID,True,True,False,False,False,True,16716.45,717014.5865,False,FAILED,NONE,"Volume, Breakout, Candle, Liquidity","Volume, Breakout/Retest, Liquidity","Volume, Breakout, Candle, Liquidity"
OLPM,25.01,24.859499999999983,24.781800000000025,22.88524999999997,52.95205238427539,0.010713210953957268,25.82,-3.137103020914015,NONE,NONE,BULLISH,46.58,ILLIQUID,True,True,False,False,False,True,8307.5,205838.6935,False,FAILED,NONE,"Volume, Breakout, Candle, Liquidity","Volume, Breakout/Retest, Liquidity","Volume, Breakout, Candle, Liquidity"
UBL,446.43,466.05650000000026,460.1351999999994,422.77775000000105,38.99672376992451,1.144750468534899,498.0,-10.355421686746986,NONE,NONE,BULLISH,46.45,NO_BUY,True,False,False,False,False,True,1656706.9,773482484.971,True,PARTIAL,Volume,"RSI, Breakout, Candle","RSI, Volume, Breakout/Retest","RSI, Breakout, Candle, Volume (partial: 11.45/15)"
BILF,38.39,40.89100000000002,32.223600000000005,22.118099999999984,52.98818262824224,0.4801874183899404,47.5,-19.17894736842105,NONE,NONE,BULLISH,46.3,ILLIQUID,True,True,False,False,False,True,214664.1,9132825.033499999,False,FAILED,NONE,"Volume, Breakout, Candle, Liquidity","Volume, Breakout/Retest, Liquidity","Volume, Breakout, Candle, Liquidity"
HAFL,486.72,497.1954999999998,467.33539999999977,424.4955499999999,49.1003131960401,0.5794871794871795,535.96,-9.187252780058214,NONE,NONE,BULLISH,45.79,ILLIQUID,True,False,False,False,False,True,195.0,96625.973,False,FAILED,NONE,"RSI, Volume, Breakout, Candle, Liquidity","RSI, Volume, Breakout/Retest, Liquidity","RSI, Volume, Breakout, Candle, Liquidity"
MUREB,927.0,905.2024999999998,914.7306000000004,962.6906499999999,61.58595542188036,5.504285680860411,939.96,-1.3787820758330178,EARLY_BREAKOUT,NONE,BULLISH,45.79,ILLIQUID,False,True,True,True,False,True,19232.65,17556159.948,False,PASSED,NONE,"Trend, Candle, Liquidity","Trend, Breakout/Retest, Liquidity","Trend, Candle, Liquidity"
SLYT,15.8,16.80849999999999,15.913000000000027,13.335199999999992,46.122097983976104,0.07594738676040781,19.51,-19.01588928754485,NONE,STRONG_BULLISH,BULLISH,45.76,ILLIQUID,True,False,False,False,True,True,21093.55,361811.713,False,FAILED,NONE,"RSI, Volume, Breakout, Liquidity","RSI, Volume, Breakout/Retest, Liquidity","RSI, Volume, Breakout, Liquidity"
PHDL,50.4,52.20349999999966,48.1617999999998,191.1041500000002,48.802867905361055,1.2773431896266199,64.99,-22.449607631943373,NONE,STRONG_BULLISH,BULLISH,45.27,NO_BUY,False,False,False,False,True,True,463906.65,24514614.652000003,True,PARTIAL,Volume,"Trend, RSI, Breakout","Trend, RSI, Volume, Breakout/Retest","Trend, RSI, Breakout, Volume (partial: 12.77/15)"
SNBL,20.97,23.312499999999993,23.105400000000014,22.947750000000024,27.903456350713242,1.9493207165145805,25.57,-17.989831834180688,NONE,NONE,BULLISH,45.0,NO_BUY,True,False,True,False,False,True,1296174.6,29487512.133999996,True,PASSED,NONE,"RSI, Breakout, Candle","RSI, Breakout/Retest","RSI, Breakout, Candle"
TATM,175.28,153.39800000000005,142.9884,145.35500000000008,69.55240025288116,0.22376982140895274,186.9,-6.217228464419478,NONE,NONE,BULLISH,44.51,NO_BUY,False,True,False,False,False,True,491514.0,83579180.505,True,FAILED,NONE,"Trend, Volume, Breakout, Candle","Trend, Volume, Breakout/Retest","Trend, Volume, Breakout, Candle"
SCBPL,66.31,65.17549999999997,65.40680000000006,65.8165,56.111929288314656,1.1378448219007247,69.5,-4.589928057553953,NONE,STRONG_BULLISH,BULLISH,44.43,ILLIQUID,False,True,False,False,True,True,16678.9,1093104.9845,False,PARTIAL,Volume,"Trend, Breakout, Liquidity","Trend, Volume, Breakout/Retest, Liquidity","Trend, Breakout, Liquidity, Volume (partial: 11.38/15)"
HBL,316.72,317.15999999999985,307.5944000000004,304.58630000000005,50.718061871680725,0.40023432644876045,338.16,-6.340193991010172,NONE,NONE,BULLISH,44.36,NO_BUY,True,True,False,False,False,True,2567358.5,822621690.271,True,FAILED,NONE,"Volume, Breakout, Candle","Volume, Breakout/Retest","Volume, Breakout, Candle"
ZAHID,74.33,73.81399999999995,73.98360000000004,59.89580000000003,51.00007884010883,1.3782604995532104,98.99,-24.911607233053843,NONE,BULLISH_ENGULFING,BULLISH,44.28,ILLIQUID,False,True,False,False,True,True,94004.0,7190220.6,False,PARTIAL,Volume,"Trend, Breakout, Liquidity","Trend, Volume, Breakout/Retest, Liquidity","Trend, Breakout, Liquidity, Volume (partial: 13.78/15)"
LSEVL,13.08,13.438499999999996,12.551200000000012,9.21915,47.739829040133785,0.39205368782682737,14.69,-10.959836623553434,NONE,NONE,BULLISH,43.92,ILLIQUID,True,False,False,False,False,True,702215.05,9531302.235,False,FAILED,NONE,"RSI, Volume, Breakout, Candle, Liquidity","RSI, Volume, Breakout/Retest, Liquidity","RSI, Volume, Breakout, Candle, Liquidity"
MTL,299.05,301.6620000000006,298.5354000000014,272.2487499999999,48.578724549324846,0.38248440048821086,633.0,-52.7567140600316,NONE,NONE,BULLISH,43.82,NO_BUY,True,False,False,False,False,True,253701.85,77181301.522,True,FAILED,NONE,"RSI, Volume, Breakout, Candle","RSI, Volume, Breakout/Retest","RSI, Volume, Breakout, Candle"
COLG,1215.3,1232.3885000000014,1231.3061999999982,1203.264250000002,41.544054525627615,0.8257104524942066,1284.0,-5.35046728971963,NONE,NONE,BULLISH,43.26,ILLIQUID,True,False,False,False,False,True,7379.1,9085078.44,False,FAILED,NONE,"RSI, Volume, Breakout, Candle, Liquidity","RSI, Volume, Breakout/Retest, Liquidity","RSI, Volume, Breakout, Candle, Liquidity"
NCML,16.37,16.87750000000001,15.233199999999975,14.944299999999998,50.72735726485689,0.2634653231862308,19.51,-16.094310609943623,NONE,NONE,BULLISH,43.0,ILLIQUID,True,True,False,False,False,True,46009.85,800623.1545000001,False,FAILED,NONE,"Volume, Breakout, Candle, Liquidity","Volume, Breakout/Retest, Liquidity","Volume, Breakout, Candle, Liquidity"
CCM,48.01,51.72700000000003,47.17960000000002,45.77245000000003,45.06535381909238,0.295489076334678,64.96,-26.0929802955665,NONE,NONE,BULLISH,42.95,ILLIQUID,True,False,False,False,False,True,18132.65,963061.627,False,FAILED,NONE,"RSI, Volume, Breakout, Candle, Liquidity","RSI, Volume, Breakout/Retest, Liquidity","RSI, Volume, Breakout, Candle, Liquidity"
JSBL,13.8,13.740500000000006,13.3834,15.016100000000003,53.05815514779172,0.3459352074131274,15.05,-8.305647840531561,NONE,STRONG_BULLISH,BULLISH,42.49,NO_BUY,False,True,False,False,True,True,769947.65,10555546.409,True,FAILED,NONE,"Trend, Volume, Breakout","Trend, Volume, Breakout/Retest","Trend, Volume, Breakout"
IBFL,265.12,280.72049999999894,277.1318,255.0786999999998,42.571533715886034,0.7194192639676406,397.32,-33.27292862176583,NONE,NONE,BULLISH,42.19,ILLIQUID,True,False,False,False,False,True,1384.45,386246.5335,False,FAILED,NONE,"RSI, Volume, Breakout, Candle, Liquidity","RSI, Volume, Breakout/Retest, Liquidity","RSI, Volume, Breakout, Candle, Liquidity"
LSECL,6.1,6.559999999999995,6.349399999999999,5.525399999999996,39.8435197091951,0.6908085394527151,8.07,-24.411400247831484,NONE,NONE,BULLISH,41.91,NO_BUY,True,False,False,False,False,True,3166411.35,21031549.7105,True,FAILED,NONE,"RSI, Volume, Breakout, Candle","RSI, Volume, Breakout/Retest","RSI, Volume, Breakout, Candle"
WASL,6.13,6.522499999999988,6.027599999999996,5.864400000000014,46.076166140602844,0.12356820437193415,7.92,-22.601010101010104,NONE,NONE,BULLISH,41.24,NO_BUY,True,False,False,False,False,True,9736436.7,68193788.99450001,True,FAILED,NONE,"RSI, Volume, Breakout, Candle","RSI, Volume, Breakout/Retest","RSI, Volume, Breakout, Candle"
KAPCO,27.93,28.105999999999984,28.027200000000004,30.08149999999999,47.32758321904233,0.3713479379765617,29.3,-4.675767918088741,RETEST,NONE,BULLISH,41.21,NO_BUY,False,False,False,True,False,True,968598.35,27579562.030500002,True,FAILED,NONE,"Trend, RSI, Volume, Candle","Trend, RSI, Volume","Trend, RSI, Volume, Candle"
FSWL,151.71,168.7054999999999,152.9233999999999,114.35855,43.84674483605359,0.6180574239920053,280.0,-45.817857142857136,NONE,NONE,BULLISH,41.18,ILLIQUID,True,False,False,False,False,True,1300.85,223362.5435,False,FAILED,NONE,"RSI, Volume, Breakout, Candle, Liquidity","RSI, Volume, Breakout/Retest, Liquidity","RSI, Volume, Breakout, Candle, Liquidity"
STJT,144.62,150.40849999999986,145.67599999999993,117.39890000000022,41.965077838282944,0.6183326748320822,162.0,-10.728395061728392,NONE,NONE,BULLISH,41.18,ILLIQUID,True,False,False,False,False,True,506.2,76524.905,False,FAILED,NONE,"RSI, Volume, Breakout, Candle, Liquidity","RSI, Volume, Breakout/Retest, Liquidity","RSI, Volume, Breakout, Candle, Liquidity"
LPL,21.92,21.64549999999999,21.136800000000015,22.06735,53.03591779147271,0.20597261410370998,23.28,-5.841924398625427,NONE,STRONG_BULLISH,BULLISH,41.08,ILLIQUID,False,True,False,False,True,True,169003.05,3791646.9274999998,False,FAILED,NONE,"Trend, Volume, Breakout, Liquidity","Trend, Volume, Breakout/Retest, Liquidity","Trend, Volume, Breakout, Liquidity"
SBL,13.96,14.95449999999999,12.845600000000022,12.290350000000007,47.07752522548712,0.10055052522039427,16.19,-13.773934527486103,NONE,NONE,BULLISH,41.01,NO_BUY,True,False,False,False,False,True,4044683.0,62723895.7875,True,FAILED,NONE,"RSI, Volume, Breakout, Candle","RSI, Volume, Breakout/Retest","RSI, Volume, Breakout, Candle"
SINDM,24.06,24.091000000000015,23.5922,23.356949999999987,50.553916018723356,0.06686480396692832,26.99,-10.855872545387179,NONE,NONE,BULLISH,40.95,ILLIQUID,True,True,False,False,False,True,38256.3,952501.5689999999,False,FAILED,NONE,"Volume, Breakout, Candle, Liquidity","Volume, Breakout/Retest, Liquidity","Volume, Breakout, Candle, Liquidity"
OML,91.67,120.2895,86.25159999999998,48.55039999999999,42.06794534332067,0.0926708891749287,179.1,-48.816303740926855,NONE,NONE,BULLISH,40.93,NO_BUY,True,False,False,False,False,True,133159.4,16682184.1305,True,FAILED,NONE,"RSI, Volume, Breakout, Candle","RSI, Volume, Breakout/Retest","RSI, Volume, Breakout, Candle"
KCL,145.0,143.44700000000017,139.68500000000006,156.02739999999994,56.36612638130306,0.014079549454417457,159.5,-9.090909090909092,NONE,STRONG_BULLISH,BULLISH,40.82,ILLIQUID,False,True,False,False,True,True,142.05,20241.992000000002,False,FAILED,NONE,"Trend, Volume, Breakout, Liquidity","Trend, Volume, Breakout/Retest, Liquidity","Trend, Volume, Breakout, Liquidity"
ELSM,136.9,146.64699999999988,130.38060000000007,119.95965,47.206125164402025,0.06511533996264701,165.71,-17.385794460201556,NONE,NONE,BULLISH,40.65,ILLIQUID,True,False,False,False,False,True,3962.2,549954.9335,False,FAILED,NONE,"RSI, Volume, Breakout, Candle, Liquidity","RSI, Volume, Breakout/Retest, Liquidity","RSI, Volume, Breakout, Candle, Liquidity"
MCBAH,24.0,24.902500000000025,23.8154,22.47575000000002,45.30461693181942,0.0500208420175073,26.65,-9.943714821763598,NONE,NONE,BULLISH,40.5,ILLIQUID,True,False,False,False,False,True,59975.0,1507936.0,False,FAILED,NONE,"RSI, Volume, Breakout, Candle, Liquidity","RSI, Volume, Breakout/Retest, Liquidity","RSI, Volume, Breakout, Candle, Liquidity"
JDMT,152.38,161.73499999999996,143.3578,119.97610000000003,47.92322351950096,0.01604745691049619,190.0,-19.800000000000004,NONE,NONE,BULLISH,40.16,NO_BUY,True,False,False,False,False,True,187319.4,31601389.538,True,FAILED,NONE,"RSI, Volume, Breakout, Candle","RSI, Volume, Breakout/Retest","RSI, Volume, Breakout, Candle"
GGL,22.15,23.883999999999975,23.81180000000001,21.930549999999993,36.877767799734734,0.5152191042829053,27.01,-17.99333580155499,NONE,NONE,BULLISH,40.15,NO_BUY,True,False,False,False,False,True,1790677.0,43470491.2815,True,FAILED,NONE,"RSI, Volume, Breakout, Candle","RSI, Volume, Breakout/Retest","RSI, Volume, Breakout, Candle"
SIBL,7.52,7.284499999999997,7.257800000000016,7.829200000000009,55.14841295971777,1.0057450099432863,7.82,-3.8363171355498813,NONE,NONE,BULLISH,40.13,ILLIQUID,False,True,False,False,False,True,2715.4,19989.200999999997,False,PARTIAL,Volume,"Trend, Breakout, Candle, Liquidity","Trend, Volume, Breakout/Retest, Liquidity","Trend, Breakout, Candle, Liquidity, Volume (partial: 10.06/15)"
BIPL,27.74,27.241000000000003,27.205000000000044,28.74490000000001,59.609081113389244,0.7796019639701068,29.22,-5.0650239561943895,NONE,NONE,BULLISH,40.1,NO_BUY,False,True,False,False,False,True,745897.3,20435527.068,True,FAILED,NONE,"Trend, Volume, Breakout, Candle","Trend, Volume, Breakout/Retest","Trend, Volume, Breakout, Candle"
LPGL,101.77,93.3505000000002,95.24940000000002,89.22250000000004,66.26835344983552,1.1751231100832271,114.0,-10.728070175438601,NONE,NONE,BULLISH,39.89,ILLIQUID,False,True,False,False,False,True,15890.25,1601584.9904999998,False,PARTIAL,Volume,"Trend, Breakout, Candle, Liquidity","Trend, Volume, Breakout/Retest, Liquidity","Trend, Breakout, Candle, Liquidity, Volume (partial: 11.75/15)"
SHDT,57.73,55.63799999999998,58.35119999999994,50.19889999999999,53.40408773936137,1.2932784909998496,71.4,-19.145658263305332,NONE,BULLISH_ENGULFING,BULLISH,39.63,ILLIQUID,False,True,False,False,True,True,128392.3,7277312.0879999995,False,PARTIAL,Volume,"Trend, Breakout, Liquidity","Trend, Volume, Breakout/Retest, Liquidity","Trend, Breakout, Liquidity, Volume (partial: 12.93/15)"
PICT,44.04,52.81799999999993,48.38019999999992,40.329300000000295,34.147647577703225,0.4126950709659284,59.49,-25.9707513867877,NONE,NONE,BULLISH,39.13,NO_BUY,True,False,False,False,False,True,673065.95,36588410.12,True,FAILED,NONE,"RSI, Volume, Breakout, Candle","RSI, Volume, Breakout/Retest","RSI, Volume, Breakout, Candle"
GEMBLUEX,73.5,88.07400000000004,83.05200000000005,66.16420000000004,35.288385658186286,0.3888665518627816,97.23,-24.406047516198708,NONE,NONE,BULLISH,38.89,ILLIQUID,True,False,False,False,False,True,6590.95,611743.623,False,FAILED,NONE,"RSI, Volume, Breakout, Candle, Liquidity","RSI, Volume, Breakout/Retest, Liquidity","RSI, Volume, Breakout, Candle, Liquidity"
IML,25.14,23.09500000000002,23.863599999999998,24.72905000000004,57.352034921859776,5.41099956275102,27.75,-9.405405405405403,NONE,NONE,BULLISH,38.68,ILLIQUID,False,True,True,False,False,True,34534.1,827832.7,False,PASSED,NONE,"Trend, Breakout, Candle, Liquidity","Trend, Breakout/Retest, Liquidity","Trend, Breakout, Candle, Liquidity"
MARI,675.06,662.4374999999967,664.0760000000031,671.5435999999995,55.750253597461324,0.5684174730352921,706.0,-4.382436260623237,NONE,STRONG_BULLISH,BULLISH,38.56,NO_BUY,False,True,False,False,True,True,880428.6,590219616.9585,True,FAILED,NONE,"Trend, Volume, Breakout","Trend, Volume, Breakout/Retest","Trend, Volume, Breakout"
FCCL,55.37,55.958500000000015,55.79159999999995,52.692900000000016,47.94839360825285,0.3191287104059729,59.86,-7.50083528232543,NONE,NONE,BULLISH,38.19,NO_BUY,True,False,False,False,False,True,7437848.5,419733747.8355,True,FAILED,NONE,"RSI, Volume, Breakout, Candle","RSI, Volume, Breakout/Retest","RSI, Volume, Breakout, Candle"
LOTCHEM,27.31,27.303499999999985,28.475999999999928,27.139650000000024,44.754597766582954,1.3059283322528663,31.63,-13.657919696490675,NONE,STRONG_BULLISH,BULLISH,38.06,NO_BUY,False,False,False,False,True,True,5210246.1,142803716.6165,True,PARTIAL,Volume,"Trend, RSI, Breakout","Trend, RSI, Volume, Breakout/Retest","Trend, RSI, Breakout, Volume (partial: 13.06/15)"
HASCOL,21.05,20.290999999999993,20.44400000000002,19.167449999999988,54.99796226993151,0.550474695846473,22.37,-5.900759946356729,NONE,STRONG_BULLISH,BULLISH,38.0,NO_BUY,False,True,False,False,True,True,14658575.7,307005832.439,True,FAILED,NONE,"Trend, Volume, Breakout","Trend, Volume, Breakout/Retest","Trend, Volume, Breakout"
RUPL,32.17,31.651000000000018,30.264200000000077,31.371200000000027,52.422762077441305,0.39946141431605525,38.0,-15.34210526315789,NONE,NONE,BULLISH,37.71,ILLIQUID,False,True,False,False,False,True,80395.75,2757313.982,False,FAILED,NONE,"Trend, Volume, Breakout, Candle, Liquidity","Trend, Volume, Breakout/Retest, Liquidity","Trend, Volume, Breakout, Candle, Liquidity"
UDPL,119.98,120.60199999999983,119.97120000000004,121.49699999999993,48.323265468025525,1.5646031590307075,127.0,-5.5275590551181075,NONE,NONE,BULLISH,37.5,ILLIQUID,False,False,True,False,False,True,5096.5,614212.8995,False,PASSED,NONE,"Trend, RSI, Breakout, Candle, Liquidity","Trend, RSI, Breakout/Retest, Liquidity","Trend, RSI, Breakout, Candle, Liquidity"
FIL,227.23,308.59299999999945,292.30619999999976,204.88269999999972,24.67991013561135,0.19595148690059994,472.05,-51.86315009003284,NONE,NONE,BULLISH,36.96,ILLIQUID,True,False,False,False,False,True,1158.45,339593.005,False,FAILED,NONE,"RSI, Volume, Breakout, Candle, Liquidity","RSI, Volume, Breakout/Retest, Liquidity","RSI, Volume, Breakout, Candle, Liquidity"
SUHJ,173.38,218.40099999999984,181.951,118.82659999999983,38.90513661784232,0.13720062582741605,285.99,-39.37550263995245,NONE,NONE,BULLISH,36.37,ILLIQUID,True,False,False,False,False,True,2908.15,635074.9065,False,FAILED,NONE,"RSI, Volume, Breakout, Candle, Liquidity","RSI, Volume, Breakout/Retest, Liquidity","RSI, Volume, Breakout, Candle, Liquidity"
MQTM,26.64,29.88450000000002,27.416799999999935,26.13585000000002,42.845996658576006,0.11940045030779409,37.39,-28.751002941963087,NONE,NONE,BULLISH,36.19,ILLIQUID,True,False,False,False,False,True,115409.95,3707205.793,False,FAILED,NONE,"RSI, Volume, Breakout, Candle, Liquidity","RSI, Volume, Breakout/Retest, Liquidity","RSI, Volume, Breakout, Candle, Liquidity"
DYNO,340.0,343.43699999999944,343.18239999999986,303.15029999999985,45.31468550254651,0.08867020322390508,366.9,-7.331698010357039,NONE,NONE,BULLISH,35.89,ILLIQUID,True,False,False,False,False,True,1951.05,670996.6105,False,FAILED,NONE,"RSI, Volume, Breakout, Candle, Liquidity","RSI, Volume, Breakout/Retest, Liquidity","RSI, Volume, Breakout, Candle, Liquidity"
UDLI,18.5,19.03799999999999,18.83900000000001,18.394799999999993,47.003496384077046,0.08772515515869804,22.24,-16.816546762589923,NONE,NONE,BULLISH,35.88,NO_BUY,True,False,False,False,False,True,1015444.2,20020778.803,True,FAILED,NONE,"RSI, Volume, Breakout, Candle","RSI, Volume, Breakout/Retest","RSI, Volume, Breakout, Candle"
ASC,12.72,13.567999999999994,12.996600000000019,12.060600000000012,41.86820766037456,0.0830345725427987,15.01,-15.256495669553624,NONE,NONE,BULLISH,35.83,NO_BUY,True,False,False,False,False,True,2045979.1,28077129.283999998,True,FAILED,NONE,"RSI, Volume, Breakout, Candle","RSI, Volume, Breakout/Retest","RSI, Volume, Breakout, Candle"
OBOY,18.57,18.232500000000005,18.434000000000026,12.494199999999994,53.237736204751855,0.3895120314995757,23.11,-19.645175248810034,NONE,STRONG_BULLISH,BULLISH,35.51,NO_BUY,False,True,False,False,True,True,7341711.6,137935351.974,True,FAILED,NONE,"Trend, Volume, Breakout","Trend, Volume, Breakout/Retest","Trend, Volume, Breakout"
GTYR,33.04,33.40299999999996,32.77239999999995,33.146000000000015,48.962291555755534,0.2758921802481192,36.0,-8.222222222222225,NONE,STRONG_BULLISH,BULLISH,35.26,NO_BUY,False,False,False,False,True,True,852699.05,28831900.4985,True,FAILED,NONE,"Trend, RSI, Volume, Breakout","Trend, RSI, Volume, Breakout/Retest","Trend, RSI, Volume, Breakout"
LEUL,46.06,45.02950000000001,45.5338,40.65404999999998,52.801935486133104,0.37375826696247105,54.3,-15.174953959484338,NONE,STRONG_BULLISH,BULLISH,35.14,ILLIQUID,False,True,False,False,True,True,33310.3,1525326.674,False,FAILED,NONE,"Trend, Volume, Breakout, Liquidity","Trend, Volume, Breakout/Retest, Liquidity","Trend, Volume, Breakout, Liquidity"
BELA,57.25,56.874000000000194,57.704600000000006,76.3578,50.07923322937632,3.3000164431185546,65.0,-11.923076923076923,NONE,STRONG_BULLISH,BULLISH,35.04,ILLIQUID,False,True,True,False,True,True,8514.2,499301.44349999994,False,PASSED,NONE,"Trend, Breakout, Liquidity","Trend, Breakout/Retest, Liquidity","Trend, Breakout, Liquidity"
GLPL,700.0,715.5665000000005,706.2326000000003,449.7422499999999,47.73450524470008,0.0021815537510604774,749.0,-6.5420560747663545,NONE,NONE,BULLISH,35.02,ILLIQUID,True,False,False,False,False,True,4125.5,2910029.702,False,FAILED,NONE,"RSI, Volume, Breakout, Candle, Liquidity","RSI, Volume, Breakout/Retest, Liquidity","RSI, Volume, Breakout, Candle, Liquidity"
HSPI,8.81,8.694999999999983,9.763600000000007,10.22339999999998,48.40224355392015,1.9740207195620076,12.46,-29.29373996789727,NONE,STRONG_BULLISH,BULLISH,35.0,ILLIQUID,False,False,True,False,True,True,50420.95,437117.529,False,PASSED,NONE,"Trend, RSI, Breakout, Liquidity","Trend, RSI, Breakout/Retest, Liquidity","Trend, RSI, Breakout, Liquidity"
FRSM,43.19,43.04849999999993,45.6974000000001,48.61980000000008,45.06811978380688,1.6053294059219427,50.68,-14.779005524861882,NONE,STRONG_BULLISH,BULLISH,35.0,ILLIQUID,False,False,True,False,True,True,2919.65,125866.44099999999,False,PASSED,NONE,"Trend, RSI, Breakout, Liquidity","Trend, RSI, Breakout/Retest, Liquidity","Trend, RSI, Breakout, Liquidity"
ALAC,20.5,21.081999999999994,22.650600000000004,15.898649999999984,40.969276896905775,2.7831468977870517,25.94,-20.971472629144184,NONE,STRONG_BULLISH,BULLISH,35.0,ILLIQUID,False,False,True,False,True,True,112241.65,2373703.6255,False,PASSED,NONE,"Trend, RSI, Breakout, Liquidity","Trend, RSI, Breakout/Retest, Liquidity","Trend, RSI, Breakout, Liquidity"
BTL,900.26,960.3624999999996,1047.4864000000005,727.1307499999999,34.53666248920899,2.2980251346499103,1219.89,-26.20154276205232,NONE,STRONG_BULLISH,BULLISH,35.0,ILLIQUID,False,False,True,False,True,True,55.7,53391.258499999996,False,PASSED,NONE,"Trend, RSI, Breakout, Liquidity","Trend, RSI, Breakout/Retest, Liquidity","Trend, RSI, Breakout, Liquidity"
MDTL,5.49,5.95449999999999,5.919600000000005,5.6151000000000035,37.96859416438868,0.48244266784731155,6.85,-19.85401459854014,NONE,NONE,BULLISH,34.82,NO_BUY,True,False,False,False,False,True,4653728.1,28530520.588,True,FAILED,NONE,"RSI, Volume, Breakout, Candle","RSI, Volume, Breakout/Retest","RSI, Volume, Breakout, Candle"
PAKRI,17.51,17.453999999999994,17.346400000000006,17.90049999999997,50.00707542708063,0.7133559855880814,19.05,-8.083989501312331,NONE,NONE,BULLISH,34.64,NO_BUY,False,True,False,False,False,True,2383721.5,42780398.4165,True,FAILED,NONE,"Trend, Volume, Breakout, Candle","Trend, Volume, Breakout/Retest","Trend, Volume, Breakout, Candle"
FIMM,219.15,206.6370000000003,211.32819999999975,237.47885000000008,61.72029448551913,0.36135113904163396,235.0,-6.744680851063828,NONE,STRONG_BULLISH,BULLISH,34.47,ILLIQUID,False,True,False,False,True,True,63.65,13170.463500000002,False,FAILED,NONE,"Trend, Volume, Breakout, Liquidity","Trend, Volume, Breakout/Retest, Liquidity","Trend, Volume, Breakout, Liquidity"
GADT,319.24,313.3360000000001,306.0955999999997,306.56990000000025,52.72512528563768,0.04679975499814781,364.99,-12.534589988766815,NONE,NONE,BULLISH,34.33,ILLIQUID,False,True,False,False,False,True,81795.3,27775284.334500004,False,FAILED,NONE,"Trend, Volume, Breakout, Candle, Liquidity","Trend, Volume, Breakout/Retest, Liquidity","Trend, Volume, Breakout, Candle, Liquidity"
FTMM,17.17,16.69099999999998,16.943600000000004,16.856599999999997,54.34723793655769,0.17675675822666745,19.84,-13.45766129032257,NONE,STRONG_BULLISH,BULLISH,33.94,ILLIQUID,False,True,False,False,True,True,18386.85,319971.059,False,FAILED,NONE,"Trend, Volume, Breakout, Liquidity","Trend, Volume, Breakout/Retest, Liquidity","Trend, Volume, Breakout, Liquidity"
GRYL,22.07,22.039499999999997,21.45359999999996,22.541649999999986,51.70818585435203,0.49939947952629155,23.33,-5.400771538791248,NONE,NONE,BULLISH,33.35,ILLIQUID,False,True,False,False,False,True,73644.45,1588646.1439999999,False,FAILED,NONE,"Trend, Volume, Breakout, Candle, Liquidity","Trend, Volume, Breakout/Retest, Liquidity","Trend, Volume, Breakout, Candle, Liquidity"
DWTM,10.93,9.6785,9.821600000000004,8.655849999999997,59.28250944294001,0.8489127142444919,12.99,-15.858352578906857,NONE,NONE,BULLISH,33.13,ILLIQUID,False,True,False,False,False,True,111589.8,1123668.7820000001,False,FAILED,NONE,"Trend, Volume, Breakout, Candle, Liquidity","Trend, Volume, Breakout/Retest, Liquidity","Trend, Volume, Breakout, Candle, Liquidity"
TPLRF1,9.66,10.018500000000014,9.982200000000024,9.835599999999989,42.36977292165846,0.31214149126375135,10.7,-9.719626168224291,NONE,NONE,BULLISH,33.12,NO_BUY,True,False,False,False,False,True,5611221.35,56801745.251499996,True,FAILED,NONE,"RSI, Volume, Breakout, Candle","RSI, Volume, Breakout/Retest","RSI, Volume, Breakout, Candle"
KOHTM,120.16,123.14850000000004,137.79359999999997,77.02120000000005,45.83456440905198,1.2776379646175131,195.95,-38.67823424342944,NONE,STRONG_BULLISH,BULLISH,32.78,NO_BUY,False,False,False,False,True,True,176505.4,22027824.4505,True,PARTIAL,Volume,"Trend, RSI, Breakout","Trend, RSI, Volume, Breakout/Retest","Trend, RSI, Breakout, Volume (partial: 12.78/15)"
QUET,15.84,15.980500000000026,15.783600000000002,16.95085,48.68180747224295,0.008607688586631761,17.32,-8.545034642032334,NONE,STRONG_BULLISH,BULLISH,32.59,ILLIQUID,False,False,False,False,True,True,14057.2,230012.07799999998,False,FAILED,NONE,"Trend, RSI, Volume, Breakout, Liquidity","Trend, RSI, Volume, Breakout/Retest, Liquidity","Trend, RSI, Volume, Breakout, Liquidity"
ITTEFAQ,8.71,8.959000000000001,8.928200000000002,8.733799999999983,43.95414188036574,0.2574872337337436,10.25,-15.024390243902431,NONE,NONE,BULLISH,32.57,NO_BUY,True,False,False,False,False,True,1365228.85,12395437.1025,True,FAILED,NONE,"RSI, Volume, Breakout, Candle","RSI, Volume, Breakout/Retest","RSI, Volume, Breakout, Candle"
JLICL,175.14,177.35200000000006,175.9709999999999,177.56654999999967,47.94581233199546,10.730479237611616,210.0,-16.600000000000005,NONE,NONE,BULLISH,32.5,ILLIQUID,False,False,True,False,False,True,46632.4,8488530.7275,False,PASSED,NONE,"Trend, RSI, Breakout, Candle, Liquidity","Trend, RSI, Breakout/Retest, Liquidity","Trend, RSI, Breakout, Candle, Liquidity"
BAHL,170.25,173.094,172.71039999999985,176.24000000000015,41.90229898575524,1.5183181347023074,180.49,-5.6734445121613435,NONE,NONE,BULLISH,32.5,NO_BUY,False,False,True,False,False,True,448121.5,77265402.078,True,PASSED,NONE,"Trend, RSI, Breakout, Candle","Trend, RSI, Breakout/Retest","Trend, RSI, Breakout, Candle"
ISL,90.86,88.08949999999984,88.3106000000002,89.88139999999993,55.1776705192058,0.9861457697327273,99.3,-8.49949647532729,NONE,NONE,BULLISH,32.45,NO_BUY,False,True,False,False,False,True,704510.45,64267912.9465,True,FAILED,NONE,"Trend, Volume, Breakout, Candle","Trend, Volume, Breakout/Retest","Trend, Volume, Breakout, Candle"
DADX,92.7,89.93850000000005,96.43659999999991,69.16175,54.60316712048029,2.1806195326036426,116.0,-20.086206896551722,NONE,NONE,BULLISH,32.3,ILLIQUID,False,True,True,False,False,True,1183.15,106228.7455,False,PASSED,NONE,"Trend, Breakout, Candle, Liquidity","Trend, Breakout/Retest, Liquidity","Trend, Breakout, Candle, Liquidity"
ICL,138.91,137.52550000000022,142.84820000000002,145.0833500000001,49.533621314463076,1.1964218619035232,154.9,-10.322788896061981,NONE,STRONG_BULLISH,BULLISH,31.96,ILLIQUID,False,False,False,False,True,True,48438.6,6673383.874,False,PARTIAL,Volume,"Trend, RSI, Breakout, Liquidity","Trend, RSI, Volume, Breakout/Retest, Liquidity","Trend, RSI, Breakout, Liquidity, Volume (partial: 11.96/15)"
IDEAL,48.75,44.71650000000001,55.81780000000003,34.53430000000001,49.77526700027021,0.676082073927443,80.89,-39.73297070095191,NONE,STRONG_BULLISH,BULLISH,31.76,ILLIQUID,False,False,False,False,True,True,5253.8,258145.80699999997,False,FAILED,NONE,"Trend, RSI, Volume, Breakout, Liquidity","Trend, RSI, Volume, Breakout/Retest, Liquidity","Trend, RSI, Volume, Breakout, Liquidity"
PPVC,25.34,25.760499999999997,28.3666,20.235050000000022,46.948908133171635,1.162723808154167,41.87,-39.479340816813945,NONE,STRONG_BULLISH,BULLISH,31.63,ILLIQUID,False,False,False,False,True,True,9734.9,245528.49500000002,False,PARTIAL,Volume,"Trend, RSI, Breakout, Liquidity","Trend, RSI, Volume, Breakout/Retest, Liquidity","Trend, RSI, Breakout, Liquidity, Volume (partial: 11.63/15)"
EPCL,32.86,34.12050000000006,34.09960000000007,32.97845000000007,39.07587379159877,0.1540942599639352,36.06,-8.874098724348316,NONE,NONE,BULLISH,31.54,NO_BUY,True,False,False,False,False,True,894251.35,30634589.196500003,True,FAILED,NONE,"RSI, Volume, Breakout, Candle","RSI, Volume, Breakout/Retest","RSI, Volume, Breakout, Candle"
DEL,19.98,21.371500000000022,20.31539999999997,21.152399999999993,44.11380296141463,0.37063486605644574,26.23,-23.82767823103317,NONE,STRONG_BULLISH,BULLISH,31.21,ILLIQUID,False,False,False,False,True,True,340270.2,8237213.022500001,False,FAILED,NONE,"Trend, RSI, Volume, Breakout, Liquidity","Trend, RSI, Volume, Breakout/Retest, Liquidity","Trend, RSI, Volume, Breakout, Liquidity"
PSYL,134.85,132.4629999999999,137.03400000000002,86.47909999999993,51.87761838670836,0.46437232340952483,158.0,-14.651898734177218,NONE,STRONG_BULLISH,BULLISH,30.58,ILLIQUID,False,True,False,False,True,True,969.05,125958.06600000002,False,FAILED,NONE,"Trend, Volume, Breakout, Liquidity","Trend, Volume, Breakout/Retest, Liquidity","Trend, Volume, Breakout, Liquidity"
BRR,11.5,11.467000000000008,11.78219999999999,11.560949999999984,48.9895185821008,1.0353535353535352,12.94,-11.12828438948995,NONE,STRONG_BULLISH,BULLISH,30.35,ILLIQUID,False,False,False,False,True,True,19800.0,226597.25,False,PARTIAL,Volume,"Trend, RSI, Breakout, Liquidity","Trend, RSI, Volume, Breakout/Retest, Liquidity","Trend, RSI, Breakout, Liquidity, Volume (partial: 10.35/15)"
DWSM,6.95,6.9455000000000116,7.043399999999986,6.790749999999999,49.756140399676916,1.734595688673089,8.5,-18.235294117647058,NONE,NONE,BULLISH,30.0,ILLIQUID,False,False,True,False,False,True,45206.5,313800.0465,False,PASSED,NONE,"Trend, RSI, Breakout, Candle, Liquidity","Trend, RSI, Breakout/Retest, Liquidity","Trend, RSI, Breakout, Candle, Liquidity"
PIAHCLB,17300.0,17641.359999999993,17805.316000000006,19771.91559999999,45.01035685293454,2.0325203252032518,18900.0,-8.465608465608465,NONE,STRONG_BULLISH,BULLISH,30.0,ILLIQUID,False,False,True,False,True,True,12.3,218601.07,False,PASSED,NONE,"Trend, RSI, Breakout, Liquidity","Trend, RSI, Breakout/Retest, Liquidity","Trend, RSI, Breakout, Liquidity"
CPHL,73.4,73.741,76.52100000000036,80.75904999999997,44.517516701304636,3.018358088731955,84.5,-13.136094674556206,NONE,STRONG_BULLISH,BULLISH,30.0,NO_BUY,False,False,True,False,True,True,1026634.65,75621575.1645,True,PASSED,NONE,"Trend, RSI, Breakout","Trend, RSI, Breakout/Retest","Trend, RSI, Breakout"
HUBC,206.96,215.6675000000001,221.61360000000005,218.78829999999974,37.547265289391696,1.4754856191071974,236.0,-12.305084745762707,NONE,STRONG_BULLISH,BULLISH,29.75,NO_BUY,False,False,False,False,True,True,5481459.05,1174071147.3035,True,PARTIAL,Volume,"Trend, RSI, Breakout","Trend, RSI, Volume, Breakout/Retest","Trend, RSI, Breakout, Volume (partial: 14.75/15)"
SSML,22.53,24.700499999999998,24.3156,25.99780000000002,40.6066907753944,0.210719728178842,28.0,-19.53571428571428,NONE,STRONG_BULLISH,BULLISH,29.61,ILLIQUID,False,False,False,False,True,True,48002.15,1255764.834,False,FAILED,NONE,"Trend, RSI, Volume, Breakout, Liquidity","Trend, RSI, Volume, Breakout/Retest, Liquidity","Trend, RSI, Volume, Breakout, Liquidity"
EMCO,48.45,51.86400000000001,51.729600000000026,51.99115000000016,39.15481458882619,0.18879197036682996,59.07,-17.978669375317416,NONE,STRONG_BULLISH,BULLISH,29.39,ILLIQUID,False,False,False,False,True,True,33476.0,1774438.675,False,FAILED,NONE,"Trend, RSI, Volume, Breakout, Liquidity","Trend, RSI, Volume, Breakout/Retest, Liquidity","Trend, RSI, Volume, Breakout, Liquidity"
HICL,11.39,11.645500000000002,11.173399999999999,11.51300000000001,50.001500703620295,0.6783385621897086,13.3,-14.360902255639099,NONE,NONE,BULLISH,29.28,ILLIQUID,False,True,False,False,False,True,246915.05,3005528.2875,False,FAILED,NONE,"Trend, Volume, Breakout, Candle, Liquidity","Trend, Volume, Breakout/Retest, Liquidity","Trend, Volume, Breakout, Candle, Liquidity"
ABOT,910.11,921.2915000000003,941.0125999999992,1002.3563000000005,42.90829692323039,1.3758048119281598,1020.0,-10.773529411764704,NONE,STRONG_BULLISH,BULLISH,28.76,ILLIQUID,False,False,False,False,True,True,16673.15,15330674.187,False,PARTIAL,Volume,"Trend, RSI, Breakout, Liquidity","Trend, RSI, Volume, Breakout/Retest, Liquidity","Trend, RSI, Breakout, Liquidity, Volume (partial: 13.76/15)"
WAFI,185.37,181.7570000000001,188.02640000000054,203.4229000000003,51.40087322231032,0.7993907430981823,203.0,-8.684729064039406,NONE,STRONG_BULLISH,BULLISH,28.69,NO_BUY,False,True,False,False,True,True,629488.15,116159787.95750001,True,FAILED,NONE,"Trend, Volume, Breakout","Trend, Volume, Breakout/Retest","Trend, Volume, Breakout"
SHSML,388.8,380.3695000000004,382.7783999999998,408.37640000000016,56.927161922135575,0.004938723248582404,403.0,-3.523573200992553,NONE,STRONG_BULLISH,BULLISH,28.51,ILLIQUID,False,True,False,False,True,True,5467.0,2058785.6275,False,FAILED,NONE,"Trend, Volume, Breakout, Liquidity","Trend, Volume, Breakout/Retest, Liquidity","Trend, Volume, Breakout, Liquidity"
PSEL,916.54,899.6444999999997,908.549200000001,1003.8165999999989,56.553895294456424,0.009526077637532746,950.0,-3.522105263157899,NONE,STRONG_BULLISH,BULLISH,28.37,ILLIQUID,False,True,False,False,True,True,1049.75,950912.225,False,FAILED,NONE,"Trend, Volume, Breakout, Liquidity","Trend, Volume, Breakout/Retest, Liquidity","Trend, Volume, Breakout, Liquidity"
NBP,202.56,203.94399999999993,203.49219999999997,217.55810000000002,48.099827019941216,1.0773933441669863,218.31,-7.214511474508726,NONE,NONE,BULLISH,28.27,NO_BUY,False,False,False,False,False,True,2326762.1,474818513.4295,True,PARTIAL,Volume,"Trend, RSI, Breakout, Candle","Trend, RSI, Volume, Breakout/Retest","Trend, RSI, Breakout, Candle, Volume (partial: 10.77/15)"
BGL,11.08,11.181999999999979,11.451399999999973,11.78285000000001,45.407870577490954,1.3187931703921392,12.87,-13.908313908313902,NONE,STRONG_BULLISH,BULLISH,28.19,ILLIQUID,False,False,False,False,True,True,442599.35,4970931.5765,False,PARTIAL,Volume,"Trend, RSI, Breakout, Liquidity","Trend, RSI, Volume, Breakout/Retest, Liquidity","Trend, RSI, Breakout, Liquidity, Volume (partial: 13.19/15)"
IDRT,39.32,38.80550000000002,41.599599999999974,31.50985000000003,49.06646291120627,0.3098888627779147,64.15,-38.706157443491826,NONE,STRONG_BULLISH,BULLISH,28.1,ILLIQUID,False,False,False,False,True,True,87234.5,3457333.3055,False,FAILED,NONE,"Trend, RSI, Volume, Breakout, Liquidity","Trend, RSI, Volume, Breakout/Retest, Liquidity","Trend, RSI, Volume, Breakout, Liquidity"
MFFL,177.42,180.33699999999956,176.67439999999988,176.7872000000005,46.620554143140886,0.05077601073002491,193.99,-8.54167740605187,NONE,NONE,BULLISH,28.01,ILLIQUID,False,False,False,False,False,True,20876.0,3836131.2644999996,False,FAILED,NONE,"Trend, RSI, Volume, Breakout, Candle, Liquidity","Trend, RSI, Volume, Breakout/Retest, Liquidity","Trend, RSI, Volume, Breakout, Candle, Liquidity"
ADAMS,66.9,64.89599999999997,65.83599999999997,73.78039999999999,54.40130958103969,0.06913492204988014,72.0,-7.083333333333325,NONE,STRONG_BULLISH,BULLISH,27.89,ILLIQUID,False,True,False,False,True,True,10096.2,658571.2215000001,False,FAILED,NONE,"Trend, Volume, Breakout, Liquidity","Trend, Volume, Breakout/Retest, Liquidity","Trend, Volume, Breakout, Liquidity"
ACPL,230.05,231.21100000000024,228.44019999999992,257.13400000000024,50.38432631669327,0.4106162553726707,245.0,-6.102040816326526,NONE,NONE,BULLISH,26.8,ILLIQUID,False,True,False,False,False,True,95169.15,22032846.7595,False,FAILED,NONE,"Trend, Volume, Breakout, Candle, Liquidity","Trend, Volume, Breakout/Retest, Liquidity","Trend, Volume, Breakout, Candle, Liquidity"
PIAA,22.17,24.230999999999987,24.8288,11.410299999999996,44.57222092035108,0.6661910194750158,31.54,-29.708306911857953,NONE,STRONG_BULLISH,BULLISH,26.66,NO_BUY,False,False,False,False,True,True,11208938.25,275273470.356,True,FAILED,NONE,"Trend, RSI, Volume, Breakout","Trend, RSI, Volume, Breakout/Retest","Trend, RSI, Volume, Breakout"
SPL,52.55,55.04749999999998,60.763000000000005,58.25989999999999,24.340126850685152,1.1357859254551985,70.07,-25.003567860710714,NONE,STRONG_BULLISH,BULLISH,26.36,ILLIQUID,False,False,False,False,True,True,14477.2,800048.1185,False,PARTIAL,Volume,"Trend, RSI, Breakout, Liquidity","Trend, RSI, Volume, Breakout/Retest, Liquidity","Trend, RSI, Breakout, Liquidity, Volume (partial: 11.36/15)"
SSOM,459.22,456.5679999999993,457.9558,455.8104,51.75564438559501,0.5373872629639672,566.0,-18.865724381625437,NONE,NONE,BULLISH,26.25,ILLIQUID,False,True,False,False,False,True,19730.65,9075055.8655,False,FAILED,NONE,"Trend, Volume, Breakout, Candle, Liquidity","Trend, Volume, Breakout/Retest, Liquidity","Trend, Volume, Breakout, Candle, Liquidity"
JVDC,145.26,145.93649999999997,147.18279999999996,121.92339999999999,48.7950644441231,0.5923095010792581,162.11,-10.394176793535268,NONE,STRONG_BULLISH,BULLISH,25.92,NO_BUY,False,False,False,False,True,True,655566.05,96310145.2825,True,FAILED,NONE,"Trend, RSI, Volume, Breakout","Trend, RSI, Volume, Breakout/Retest","Trend, RSI, Volume, Breakout"
SGF,116.43,115.78349999999992,118.8356,110.89499999999997,49.71637524116974,1.0881922279242284,135.0,-13.755555555555551,NONE,NONE,BULLISH,25.88,NO_BUY,False,False,False,False,False,True,108246.5,12627910.7465,True,PARTIAL,Volume,"Trend, RSI, Breakout, Candle","Trend, RSI, Volume, Breakout/Retest","Trend, RSI, Breakout, Candle, Volume (partial: 10.88/15)"
POML,162.63,165.73500000000007,165.78380000000004,162.59805000000023,47.12825875981401,0.5794834660873763,183.99,-11.609326593836629,NONE,STRONG_BULLISH,BULLISH,25.79,ILLIQUID,False,False,False,False,True,True,5178.75,852770.24,False,FAILED,NONE,"Trend, RSI, Volume, Breakout, Liquidity","Trend, RSI, Volume, Breakout/Retest, Liquidity","Trend, RSI, Volume, Breakout, Liquidity"
GFIL,30.2,30.939500000000002,30.992199999999997,22.902300000000004,43.67734146327587,0.5648392214478404,33.0,-8.484848484848486,NONE,STRONG_BULLISH,BULLISH,25.65,ILLIQUID,False,False,False,False,True,True,16199.3,502055.91900000005,False,FAILED,NONE,"Trend, RSI, Volume, Breakout, Liquidity","Trend, RSI, Volume, Breakout/Retest, Liquidity","Trend, RSI, Volume, Breakout, Liquidity"
PAKD,133.66,126.28799999999997,129.25060000000045,139.88394999999988,60.01455309490837,0.5193154771520575,143.0,-6.531468531468534,NONE,NONE,BULLISH,25.2,ILLIQUID,False,True,False,False,False,True,27855.9,3669292.6865000003,False,FAILED,NONE,"Trend, Volume, Breakout, Candle, Liquidity","Trend, Volume, Breakout/Retest, Liquidity","Trend, Volume, Breakout, Candle, Liquidity"
TSML,582.84,592.9170000000001,630.6261999999998,344.10869999999954,48.521344931220185,2.5119196988707655,913.0,-36.16210295728368,NONE,NONE,BULLISH,25.0,ILLIQUID,False,False,True,False,False,True,797.0,470401.28449999995,False,PASSED,NONE,"Trend, RSI, Breakout, Candle, Liquidity","Trend, RSI, Breakout/Retest, Liquidity","Trend, RSI, Breakout, Candle, Liquidity"
SASML,357.88,357.9485000000001,374.22339999999997,270.3772999999999,48.07086747334687,1.9271322685040193,449.5,-20.382647385984427,NONE,NONE,BULLISH,25.0,ILLIQUID,False,False,True,False,False,True,478.95,169969.85,False,PASSED,NONE,"Trend, RSI, Breakout, Candle, Liquidity","Trend, RSI, Breakout/Retest, Liquidity","Trend, RSI, Breakout, Candle, Liquidity"
META,9.67,11.601999999999995,11.911199999999997,8.80605,35.368615095204035,3.6677519470368556,14.05,-31.17437722419929,NONE,NONE,BULLISH,25.0,ILLIQUID,False,False,True,False,False,True,309996.7,3516066.3869999996,False,PASSED,NONE,"Trend, RSI, Breakout, Candle, Liquidity","Trend, RSI, Breakout/Retest, Liquidity","Trend, RSI, Breakout, Candle, Liquidity"
DSL,4.98,5.064500000000004,5.2149999999999865,6.458500000000011,42.65406420423782,0.9293260906865001,5.85,-14.87179487179486,NONE,STRONG_BULLISH,BULLISH,24.29,ILLIQUID,False,False,False,False,True,True,1135919.9,5799089.046499999,False,FAILED,NONE,"Trend, RSI, Volume, Breakout, Liquidity","Trend, RSI, Volume, Breakout/Retest, Liquidity","Trend, RSI, Volume, Breakout, Liquidity"
GLAXO,345.96,347.47450000000003,358.3887999999995,372.53049999999973,45.284715825907156,0.9057722991321582,389.5,-11.17843388960206,NONE,STRONG_BULLISH,BULLISH,24.06,NO_BUY,False,False,False,False,True,True,154993.7,53777514.807000004,True,FAILED,NONE,"Trend, RSI, Volume, Breakout","Trend, RSI, Volume, Breakout/Retest","Trend, RSI, Volume, Breakout"
TSBL,2.25,2.3815000000000035,2.097400000000001,2.679249999999999,48.755363714665776,0.1402134898463158,2.65,-15.094339622641506,NONE,NONE,BULLISH,23.9,NO_BUY,False,False,False,False,False,True,50623395.85,125173310.96800001,True,FAILED,NONE,"Trend, RSI, Volume, Breakout, Candle","Trend, RSI, Volume, Breakout/Retest","Trend, RSI, Volume, Breakout, Candle"
RMPL,9301.07,9289.571500000004,9411.010000000002,9537.894450000002,47.920098817602046,0.3746654772524532,9799.99,-5.091025603087351,NONE,STRONG_BULLISH,BULLISH,23.75,ILLIQUID,False,False,False,False,True,True,56.05,519837.78250000003,False,FAILED,NONE,"Trend, RSI, Volume, Breakout, Liquidity","Trend, RSI, Volume, Breakout/Retest, Liquidity","Trend, RSI, Volume, Breakout, Liquidity"
DWAE,22.5,23.164500000000018,23.977200000000067,23.544400000000014,41.43362124784134,0.870190617241857,29.0,-22.413793103448278,NONE,STRONG_BULLISH,BULLISH,23.7,ILLIQUID,False,False,False,False,True,True,9385.3,214821.7255,False,FAILED,NONE,"Trend, RSI, Volume, Breakout, Liquidity","Trend, RSI, Volume, Breakout/Retest, Liquidity","Trend, RSI, Volume, Breakout, Liquidity"
GWLC,53.06,50.25199999999992,51.80439999999995,54.07994999999999,58.87846928886298,0.42369791708258275,57.0,-6.912280701754383,NONE,NONE,BULLISH,23.68,NO_BUY,False,True,False,False,False,True,344370.35,17709183.003,True,FAILED,NONE,"Trend, Volume, Breakout, Candle","Trend, Volume, Breakout/Retest","Trend, Volume, Breakout, Candle"
AGSML,8.94,8.802500000000004,9.233599999999997,9.210050000000011,49.9861745603054,0.35725818025258327,10.06,-11.133200795228637,NONE,STRONG_BULLISH,BULLISH,23.57,ILLIQUID,False,False,False,False,True,True,100339.2,885394.3145,False,FAILED,NONE,"Trend, RSI, Volume, Breakout, Liquidity","Trend, RSI, Volume, Breakout/Retest, Liquidity","Trend, RSI, Volume, Breakout, Liquidity"
GCWL,15.99,16.049,16.496400000000005,18.025550000000013,44.55663192265217,0.8489643226764221,17.96,-10.968819599109136,NONE,STRONG_BULLISH,BULLISH,23.49,ILLIQUID,False,False,False,False,True,True,535586.7,8600603.409,False,FAILED,NONE,"Trend, RSI, Volume, Breakout, Liquidity","Trend, RSI, Volume, Breakout/Retest, Liquidity","Trend, RSI, Volume, Breakout, Liquidity"
BCL,71.98,72.15100000000001,74.81059999999998,78.3784,47.471637362434564,0.8446610376993373,86.0,-16.302325581395344,NONE,STRONG_BULLISH,BULLISH,23.45,ILLIQUID,False,False,False,False,True,True,6330.35,455323.9195,False,FAILED,NONE,"Trend, RSI, Volume, Breakout, Liquidity","Trend, RSI, Volume, Breakout/Retest, Liquidity","Trend, RSI, Volume, Breakout, Liquidity"
PSMC,609.0,609.0245,609.039,406.69055000000014,45.881960940145426,0.32504778947152213,611.89,-0.47230711402376024,EARLY_BREAKOUT,NONE,BULLISH,23.25,NO_BUY,False,False,False,True,False,True,900695.25,548523708.2155,True,FAILED,NONE,"Trend, RSI, Volume, Candle","Trend, RSI, Volume, Breakout/Retest","Trend, RSI, Volume, Candle"
RICL,12.45,12.8355,12.215800000000002,14.641499999999994,47.17844933044817,0.07348963029756538,14.5,-14.137931034482765,NONE,NONE,BULLISH,23.23,ILLIQUID,False,False,False,False,False,True,88720.0,1182309.8205,False,FAILED,NONE,"Trend, RSI, Volume, Breakout, Candle, Liquidity","Trend, RSI, Volume, Breakout/Retest, Liquidity","Trend, RSI, Volume, Breakout, Candle, Liquidity"
ATLH,1603.25,1623.5664999999967,1669.2576000000026,1634.6070999999997,28.269312087799506,0.8055222088835534,1796.0,-10.732182628062361,NONE,STRONG_BULLISH,BULLISH,23.06,ILLIQUID,False,False,False,False,True,True,3332.0,5414590.929500001,False,FAILED,NONE,"Trend, RSI, Volume, Breakout, Liquidity","Trend, RSI, Volume, Breakout/Retest, Liquidity","Trend, RSI, Volume, Breakout, Liquidity"
INDU,1957.46,1937.1559999999954,1982.095199999998,2003.6680999999985,51.791716266097666,1.2064554766277342,2081.6,-5.963681783243653,NONE,NONE,BULLISH,22.96,ILLIQUID,False,True,False,False,False,True,90335.7,176944399.07950002,False,PARTIAL,Volume,"Trend, Breakout, Candle, Liquidity","Trend, Volume, Breakout/Retest, Liquidity","Trend, Breakout, Candle, Liquidity, Volume (partial: 12.06/15)"
JSCL,22.67,23.68349999999996,24.00120000000004,22.589000000000006,40.24386843922634,0.2961848132411254,28.51,-20.484040687478075,NONE,STRONG_BULLISH,BULLISH,22.96,ILLIQUID,False,False,False,False,True,True,391954.6,9382968.1,False,FAILED,NONE,"Trend, RSI, Volume, Breakout, Liquidity","Trend, RSI, Volume, Breakout/Retest, Liquidity","Trend, RSI, Volume, Breakout, Liquidity"
REDCO,29.77,30.984999999999996,31.40360000000005,26.24235,44.5521589521499,0.2767404429119456,35.1,-15.18518518518519,NONE,STRONG_BULLISH,BULLISH,22.77,ILLIQUID,False,False,False,False,True,True,15718.7,499124.45,False,FAILED,NONE,"Trend, RSI, Volume, Breakout, Liquidity","Trend, RSI, Volume, Breakout/Retest, Liquidity","Trend, RSI, Volume, Breakout, Liquidity"
CRTM,71.06,72.92949999999999,74.01940000000002,49.92840000000001,39.59456534242601,0.2670077646937831,88.0,-19.249999999999996,NONE,STRONG_BULLISH,BULLISH,22.67,ILLIQUID,False,False,False,False,True,True,7778.8,568230.2594999999,False,FAILED,NONE,"Trend, RSI, Volume, Breakout, Liquidity","Trend, RSI, Volume, Breakout/Retest, Liquidity","Trend, RSI, Volume, Breakout, Liquidity"
NCPL,58.7,58.59450000000012,60.61279999999994,58.719200000000036,47.481682639499816,0.23844291789555744,68.0,-13.67647058823529,NONE,STRONG_BULLISH,BULLISH,22.38,NO_BUY,False,False,False,False,True,True,3869563.45,234264132.1125,True,FAILED,NONE,"Trend, RSI, Volume, Breakout","Trend, RSI, Volume, Breakout/Retest","Trend, RSI, Volume, Breakout"
HALEON,730.14,748.9605000000003,771.3090000000007,806.794949999999,35.17375579258713,0.7145882767487977,820.83,-11.048572786082387,NONE,STRONG_BULLISH,BULLISH,22.15,ILLIQUID,False,False,False,False,True,True,26676.9,19854143.099,False,FAILED,NONE,"Trend, RSI, Volume, Breakout, Liquidity","Trend, RSI, Volume, Breakout/Retest, Liquidity","Trend, RSI, Volume, Breakout, Liquidity"
CHAS,86.04,93.11649999999999,99.9914,77.96175000000002,38.26141540039634,0.1914874125514748,153.99,-44.12624196376388,NONE,STRONG_BULLISH,BULLISH,21.91,ILLIQUID,False,False,False,False,True,True,44754.9,4121770.297,False,FAILED,NONE,"Trend, RSI, Volume, Breakout, Liquidity","Trend, RSI, Volume, Breakout/Retest, Liquidity","Trend, RSI, Volume, Breakout, Liquidity"
HINO,366.16,382.28650000000016,402.74179999999933,401.49685000000136,33.48791611716827,0.6846237615468385,450.0,-18.631111111111107,NONE,STRONG_BULLISH,BULLISH,21.85,ILLIQUID,False,False,False,False,True,True,6565.65,2527662.706,False,FAILED,NONE,"Trend, RSI, Volume, Breakout, Liquidity","Trend, RSI, Volume, Breakout/Retest, Liquidity","Trend, RSI, Volume, Breakout, Liquidity"
RCML,400.22,387.8849999999998,453.18759999999963,499.8259999999998,45.82217915491103,1.1348684210526316,549.0,-27.100182149362475,NONE,NONE,BULLISH,21.35,ILLIQUID,False,False,False,False,False,True,182.4,70997.859,False,PARTIAL,Volume,"Trend, RSI, Breakout, Candle, Liquidity","Trend, RSI, Volume, Breakout/Retest, Liquidity","Trend, RSI, Breakout, Candle, Liquidity, Volume (partial: 11.35/15)"
PECO,659.7,660.8614999999988,743.1738000000016,586.5241500000005,44.51529861285201,0.1344750855969743,950.0,-30.5578947368421,NONE,STRONG_BULLISH,BULLISH,21.34,ILLIQUID,False,False,False,False,True,True,7257.85,4680330.336999999,False,FAILED,NONE,"Trend, RSI, Volume, Breakout, Liquidity","Trend, RSI, Volume, Breakout/Retest, Liquidity","Trend, RSI, Volume, Breakout, Liquidity"
NCL,37.11,36.49800000000012,38.014799999999894,41.2475,51.05710632970399,1.075217731124768,42.0,-11.642857142857144,NONE,NONE,BULLISH,21.28,NO_BUY,False,True,False,False,False,True,375709.95,13801133.097,True,PARTIAL,Volume,"Trend, Breakout, Candle","Trend, Volume, Breakout/Retest","Trend, Breakout, Candle, Volume (partial: 10.75/15)"
AKBL,103.81,105.45800000000011,106.60619999999993,99.66640000000007,45.39113187211058,1.1197130787991172,117.75,-11.83864118895966,NONE,NONE,BULLISH,21.2,NO_BUY,False,False,False,False,False,True,3408406.2,360341193.448,True,PARTIAL,Volume,"Trend, RSI, Breakout, Candle","Trend, RSI, Volume, Breakout/Retest","Trend, RSI, Breakout, Candle, Volume (partial: 11.20/15)"
SNAI,38.0,38.15500000000003,38.5402,35.51295000000002,47.79900884563789,0.11839479835627176,41.9,-9.307875894988065,NONE,STRONG_BULLISH,BULLISH,21.18,ILLIQUID,False,False,False,False,True,True,36234.7,1462582.1305,False,FAILED,NONE,"Trend, RSI, Volume, Breakout, Liquidity","Trend, RSI, Volume, Breakout/Retest, Liquidity","Trend, RSI, Volume, Breakout, Liquidity"
FFL,16.11,16.27599999999999,17.037599999999987,18.04275,40.84188688668781,0.6076867680758123,18.4,-12.44565217391304,NONE,STRONG_BULLISH,BULLISH,21.08,NO_BUY,False,False,False,False,True,True,2691036.05,43916085.5935,True,FAILED,NONE,"Trend, RSI, Volume, Breakout","Trend, RSI, Volume, Breakout/Retest","Trend, RSI, Volume, Breakout"
KHTC,301.08,308.8854999999989,315.2093999999999,336.5117499999995,37.9692840497967,0.6039782330107906,350.0,-13.977142857142862,NONE,STRONG_BULLISH,BULLISH,21.04,ILLIQUID,False,False,False,False,True,True,2692.15,833703.5335,False,FAILED,NONE,"Trend, RSI, Volume, Breakout, Liquidity","Trend, RSI, Volume, Breakout/Retest, Liquidity","Trend, RSI, Volume, Breakout, Liquidity"
MSCL,22.35,23.667500000000032,25.528399999999998,20.15615000000003,39.008555556589684,1.0799935424954399,32.63,-31.504750229849833,NONE,NONE,BULLISH,20.8,ILLIQUID,False,False,False,False,False,True,103755.25,2497759.6885,False,PARTIAL,Volume,"Trend, RSI, Breakout, Candle, Liquidity","Trend, RSI, Volume, Breakout/Retest, Liquidity","Trend, RSI, Breakout, Candle, Liquidity, Volume (partial: 10.80/15)"
EPQL,24.55,25.73700000000007,25.526399999999963,27.27589999999999,31.86116817092943,0.3224278907201708,26.95,-8.905380333951758,NONE,NONE,BULLISH,20.72,NO_BUY,False,False,False,False,False,True,623919.35,16217630.4745,True,FAILED,NONE,"Trend, RSI, Volume, Breakout, Candle","Trend, RSI, Volume, Breakout/Retest","Trend, RSI, Volume, Breakout, Candle"
SYS,128.81,132.5024999999999,140.51939999999985,147.39629999999997,34.739380843824705,0.5628434633967271,156.5,-17.69329073482428,NONE,STRONG_BULLISH,BULLISH,20.63,NO_BUY,False,False,False,False,True,True,1316415.75,174978433.027,True,FAILED,NONE,"Trend, RSI, Volume, Breakout","Trend, RSI, Volume, Breakout/Retest","Trend, RSI, Volume, Breakout"
GEMPAPL,10.5,11.035999999999994,10.583600000000004,11.282099999999998,45.001861920740595,0.31249169943923366,14.0,-25.0,NONE,NONE,BULLISH,20.62,ILLIQUID,False,False,False,False,False,True,32000.85,347746.51,False,FAILED,NONE,"Trend, RSI, Volume, Breakout, Candle, Liquidity","Trend, RSI, Volume, Breakout/Retest, Liquidity","Trend, RSI, Volume, Breakout, Candle, Liquidity"
SERT,45.23,46.99350000000006,47.12120000000001,38.068300000000036,46.07560374627372,0.05858473844959199,84.49,-46.467037519233045,NONE,STRONG_BULLISH,BULLISH,20.59,ILLIQUID,False,False,False,False,True,True,150414.6,7258280.246000001,False,FAILED,NONE,"Trend, RSI, Volume, Breakout, Liquidity","Trend, RSI, Volume, Breakout/Retest, Liquidity","Trend, RSI, Volume, Breakout, Liquidity"
CSIL,5.79,5.925000000000007,5.851800000000002,5.997050000000004,46.37610932862469,0.3051516608797738,6.6,-12.272727272727266,NONE,NONE,BULLISH,20.55,NO_BUY,False,False,False,False,False,True,5131697.45,31465174.702499997,True,FAILED,NONE,"Trend, RSI, Volume, Breakout, Candle","Trend, RSI, Volume, Breakout/Retest","Trend, RSI, Volume, Breakout, Candle"
MERIT,9.86,9.959000000000021,10.17220000000003,10.860299999999997,45.016270367322186,0.550536875000603,11.1,-11.171171171171174,NONE,STRONG_BULLISH,BULLISH,20.51,ILLIQUID,False,False,False,False,True,True,103646.1,1046683.8609999999,False,FAILED,NONE,"Trend, RSI, Volume, Breakout, Liquidity","Trend, RSI, Volume, Breakout/Retest, Liquidity","Trend, RSI, Volume, Breakout, Liquidity"
CASH,50.3,52.17149999999996,56.75380000000002,50.41109999999995,36.51113675580098,0.5396452970809468,65.74,-23.486461819288103,NONE,STRONG_BULLISH,BULLISH,20.4,ILLIQUID,False,False,False,False,True,True,724.55,37214.9295,False,FAILED,NONE,"Trend, RSI, Volume, Breakout, Liquidity","Trend, RSI, Volume, Breakout/Retest, Liquidity","Trend, RSI, Volume, Breakout, Liquidity"
LOADS,13.04,13.46100000000001,14.00239999999999,15.112999999999976,38.03223511077311,0.518403846550373,15.64,-16.62404092071612,NONE,STRONG_BULLISH,BULLISH,20.18,NO_BUY,False,False,False,False,True,True,865689.95,11661644.2975,True,FAILED,NONE,"Trend, RSI, Volume, Breakout","Trend, RSI, Volume, Breakout/Retest","Trend, RSI, Volume, Breakout"
REWM,172.53,173.2230000000002,174.35379999999998,170.6961499999999,48.83544945578955,0.004940267672684811,207.0,-16.652173913043477,NONE,STRONG_BULLISH,BULLISH,20.05,ILLIQUID,False,False,False,False,True,True,2226.6,399203.43799999997,False,FAILED,NONE,"Trend, RSI, Volume, Breakout, Liquidity","Trend, RSI, Volume, Breakout/Retest, Liquidity","Trend, RSI, Volume, Breakout, Liquidity"
UNITY,10.7,10.860999999999962,10.794400000000019,14.763700000000021,46.57897162646955,0.2553980083356387,12.1,-11.5702479338843,NONE,NONE,BULLISH,20.05,NO_BUY,False,False,False,False,False,True,13679503.7,158599414.5645,True,FAILED,NONE,"Trend, RSI, Volume, Breakout, Candle","Trend, RSI, Volume, Breakout/Retest","Trend, RSI, Volume, Breakout, Candle"
DINT,61.99,67.365,70.98599999999996,62.85329999999997,36.46797211475884,7.146489443782001,91.0,-31.879120879120876,NONE,NONE,BULLISH,20.0,ILLIQUID,False,False,True,False,False,True,5702.8,367244.11900000006,False,PASSED,NONE,"Trend, RSI, Breakout, Candle, Liquidity","Trend, RSI, Breakout/Retest, Liquidity","Trend, RSI, Breakout, Candle, Liquidity"
ALIFE,31.6,32.74699999999994,32.83240000000003,34.54600000000003,43.66077567160174,3.1701077844311376,35.27,-10.405443719875251,NONE,NONE,BULLISH,20.0,ILLIQUID,False,False,True,False,False,True,15656.25,514541.4535,False,PASSED,NONE,"Trend, RSI, Breakout, Candle, Liquidity","Trend, RSI, Breakout/Retest, Liquidity","Trend, RSI, Breakout, Candle, Liquidity"
CEPB,27.23,29.012999999999938,29.774800000000045,31.715249999999983,37.196779701253156,1.5144102490806912,33.54,-18.813357185450204,NONE,NONE,BULLISH,20.0,NO_BUY,False,False,True,False,False,True,1016606.3,29697828.838,True,PASSED,NONE,"Trend, RSI, Breakout, Candle","Trend, RSI, Breakout/Retest","Trend, RSI, Breakout, Candle"
THALL,521.12,575.5884999999998,597.0444000000002,597.5953500000004,22.04783717134464,7.590100641325945,645.24,-19.236253177112392,NONE,NONE,BULLISH,20.0,ILLIQUID,False,False,True,False,False,True,12380.6,6850405.51,False,PASSED,NONE,"Trend, RSI, Breakout, Candle, Liquidity","Trend, RSI, Breakout/Retest, Liquidity","Trend, RSI, Breakout, Candle, Liquidity"
ESBL,11.11,11.57500000000002,11.919800000000023,15.359850000000005,40.127693306597074,1.6806801585645734,13.45,-17.397769516728626,NONE,NONE,BULLISH,20.0,ILLIQUID,False,False,True,False,False,True,28758.0,333244.7645,False,PASSED,NONE,"Trend, RSI, Breakout, Candle, Liquidity","Trend, RSI, Breakout/Retest, Liquidity","Trend, RSI, Breakout, Candle, Liquidity"
SML,98.36,101.96549999999996,109.70359999999988,113.72279999999994,40.89976069682737,5.2267955976843306,132.0,-25.484848484848488,NONE,NONE,BULLISH,20.0,ILLIQUID,False,False,True,False,False,True,785.95,77643.65,False,PASSED,NONE,"Trend, RSI, Breakout, Candle, Liquidity","Trend, RSI, Breakout/Retest, Liquidity","Trend, RSI, Breakout, Candle, Liquidity"
SCL,750.07,756.0580000000002,756.4088000000004,647.8012000000003,45.952940985847334,0.000316100583205576,800.0,-6.241249999999994,NONE,STRONG_BULLISH,BULLISH,20.0,ILLIQUID,False,False,False,False,True,True,3163.55,2450745.7985,False,FAILED,NONE,"Trend, RSI, Volume, Breakout, Liquidity","Trend, RSI, Volume, Breakout/Retest, Liquidity","Trend, RSI, Volume, Breakout, Liquidity"
AGP,177.94,188.85000000000034,196.95939999999982,196.7679499999997,25.519242772248887,1.673136069294369,218.0,-18.376146788990827,NONE,NONE,BULLISH,20.0,NO_BUY,False,False,True,False,False,True,304948.3,56962342.849,True,PASSED,NONE,"Trend, RSI, Breakout, Candle","Trend, RSI, Breakout/Retest","Trend, RSI, Breakout, Candle"
SLL,1.7,1.897999999999999,2.1608,2.164150000000001,41.85726329567001,6.788865151281102,3.3,-48.484848484848484,NONE,NONE,BULLISH,20.0,ILLIQUID,False,False,True,False,False,True,34310.3,58498.524,False,PASSED,NONE,"Trend, RSI, Breakout, Candle, Liquidity","Trend, RSI, Breakout/Retest, Liquidity","Trend, RSI, Breakout, Candle, Liquidity"
KTML,40.21,43.22050000000009,47.999000000000024,53.65024999999997,31.00695786666536,1.8144637874254415,56.0,-28.196428571428573,NONE,NONE,BULLISH,20.0,NO_BUY,False,False,True,False,False,True,743795.5,32005242.5285,True,PASSED,NONE,"Trend, RSI, Breakout, Candle","Trend, RSI, Breakout/Retest","Trend, RSI, Breakout, Candle"
BOK,31.91,32.3695,32.797,33.99545000000003,43.76383070674058,0.49572103761767583,34.2,-6.695906432748545,NONE,STRONG_BULLISH,BULLISH,19.96,ILLIQUID,False,False,False,False,True,True,14249.95,458790.28900000005,False,FAILED,NONE,"Trend, RSI, Volume, Breakout, Liquidity","Trend, RSI, Volume, Breakout/Retest, Liquidity","Trend, RSI, Volume, Breakout, Liquidity"
BIFO,128.21,130.16099999999952,129.43639999999996,139.85999999999976,48.20658604947157,0.24512612152683544,144.98,-11.567112705200705,NONE,NONE,BULLISH,19.95,NO_BUY,False,False,False,False,False,True,368838.7,48621876.9775,True,FAILED,NONE,"Trend, RSI, Volume, Breakout, Candle","Trend, RSI, Volume, Breakout/Retest","Trend, RSI, Volume, Breakout, Candle"
FPRM,11.26,11.84249999999999,13.070399999999985,12.894649999999988,36.565109426447165,1.4879216504284383,16.01,-29.6689569019363,NONE,NONE,BULLISH,19.88,ILLIQUID,False,False,False,False,False,True,52207.05,608495.2155,False,PARTIAL,Volume,"Trend, RSI, Breakout, Candle, Liquidity","Trend, RSI, Volume, Breakout/Retest, Liquidity","Trend, RSI, Breakout, Candle, Liquidity, Volume (partial: 14.88/15)"
BAPL,31.73,30.69399999999995,30.981200000000054,38.893799999999985,53.58988325624964,0.3085988068069303,37.11,-14.497440043115063,NONE,NONE,BULLISH,19.88,ILLIQUID,False,True,False,False,False,True,220425.35,6876690.276000001,False,FAILED,NONE,"Trend, Volume, Breakout, Candle, Liquidity","Trend, Volume, Breakout/Retest, Liquidity","Trend, Volume, Breakout, Candle, Liquidity"
FLYNG,42.62,43.20199999999997,43.9336,47.79970000000005,45.421833222341874,0.4851497507758515,49.39,-13.70722818384289,NONE,BULLISH_ENGULFING,BULLISH,19.85,ILLIQUID,False,False,False,False,True,True,40455.55,1766764.8665,False,FAILED,NONE,"Trend, RSI, Volume, Breakout, Liquidity","Trend, RSI, Volume, Breakout/Retest, Liquidity","Trend, RSI, Volume, Breakout, Liquidity"
TRSM,17.12,19.43799999999999,17.259200000000067,22.01379999999999,44.34290558948956,0.2266258786695651,25.45,-32.73084479371316,NONE,NONE,BULLISH,19.77,NO_BUY,False,False,False,False,False,True,4288009.85,87802870.308,True,FAILED,NONE,"Trend, RSI, Volume, Breakout, Candle","Trend, RSI, Volume, Breakout/Retest","Trend, RSI, Volume, Breakout, Candle"
STYLERS,49.26,50.16700000000003,50.44999999999996,46.28980000000001,46.638075234315146,0.9650725590989191,56.49,-12.798725438130647,NONE,NONE,BULLISH,19.65,ILLIQUID,False,False,False,False,False,True,12314.1,620146.2675,False,FAILED,NONE,"Trend, RSI, Volume, Breakout, Candle, Liquidity","Trend, RSI, Volume, Breakout/Retest, Liquidity","Trend, RSI, Volume, Breakout, Candle, Liquidity"
SAZEW,1869.5,1893.411999999999,1993.2168000000033,1952.524,43.95225252201583,1.464452326742502,2169.0,-13.808206546795759,NONE,NONE,BULLISH,19.64,NO_BUY,False,False,False,False,False,True,136748.05,256957455.412,True,PARTIAL,Volume,"Trend, RSI, Breakout, Candle","Trend, RSI, Volume, Breakout/Retest","Trend, RSI, Breakout, Candle, Volume (partial: 14.64/15)"
SGPL,31.12,64.87049999999996,75.31839999999997,40.82209999999999,27.597488579232575,1.4619115226865256,122.0,-74.49180327868852,NONE,NONE,BULLISH,19.62,NO_BUY,False,False,False,False,False,True,2216248.35,152980653.587,True,PARTIAL,Volume,"Trend, RSI, Breakout, Candle","Trend, RSI, Volume, Breakout/Retest","Trend, RSI, Breakout, Candle, Volume (partial: 14.62/15)"
MLCF,97.9,98.34350000000006,99.11200000000002,98.90765000000003,48.46344580933016,0.4522314708149439,109.6,-10.675182481751815,NONE,STRONG_BULLISH,BULLISH,19.52,NO_BUY,False,False,False,False,True,True,14049128.4,1384862113.7055001,True,FAILED,NONE,"Trend, RSI, Volume, Breakout","Trend, RSI, Volume, Breakout/Retest","Trend, RSI, Volume, Breakout"
LIVEN,33.83,35.41799999999996,37.49939999999998,43.242950000000064,30.196396961579552,1.436789215391382,41.0,-17.487804878048784,NONE,NONE,BULLISH,19.37,ILLIQUID,False,False,False,False,False,True,37401.45,1324718.659,False,PARTIAL,Volume,"Trend, RSI, Breakout, Candle, Liquidity","Trend, RSI, Volume, Breakout/Retest, Liquidity","Trend, RSI, Breakout, Candle, Liquidity, Volume (partial: 14.37/15)"
FCIBL,30.9,32.12700000000001,34.20559999999998,31.339899999999965,41.63103059525568,0.4370312677757261,39.0,-20.769230769230774,NONE,STRONG_BULLISH,BULLISH,19.37,ILLIQUID,False,False,False,False,True,True,5713.55,185777.16950000002,False,FAILED,NONE,"Trend, RSI, Volume, Breakout, Liquidity","Trend, RSI, Volume, Breakout/Retest, Liquidity","Trend, RSI, Volume, Breakout, Liquidity"
SUTM,116.0,113.5759999999998,113.73500000000027,118.60764999999998,51.27508356628508,0.3542392984221687,140.0,-17.142857142857142,NONE,NONE,BULLISH,19.18,ILLIQUID,False,True,False,False,False,True,13911.5,1655594.1395,False,FAILED,NONE,"Trend, Volume, Breakout, Candle, Liquidity","Trend, Volume, Breakout/Retest, Liquidity","Trend, Volume, Breakout, Candle, Liquidity"
AGIL,150.97,152.15600000000018,158.73999999999984,158.3646999999998,41.12976466635031,0.3982962240451346,172.98,-12.724014336917557,NONE,STRONG_BULLISH,BULLISH,18.98,ILLIQUID,False,False,False,False,True,True,14250.7,2162332.1745,False,FAILED,NONE,"Trend, RSI, Volume, Breakout, Liquidity","Trend, RSI, Volume, Breakout/Retest, Liquidity","Trend, RSI, Volume, Breakout, Liquidity"
ENGROH,267.66,275.233,277.7387999999999,260.63155,42.498911833624746,0.8900076871456168,294.08,-8.983949945593023,NONE,NONE,BULLISH,18.9,NO_BUY,False,False,False,False,False,True,1418406.85,389118163.61950004,True,FAILED,NONE,"Trend, RSI, Volume, Breakout, Candle","Trend, RSI, Volume, Breakout/Retest","Trend, RSI, Volume, Breakout, Candle"
BFBIO,135.93,132.16349999999983,136.40260000000012,145.21214999999998,54.057332618899764,0.6792941276723286,153.2,-11.2728459530026,NONE,NONE,BULLISH,18.82,NO_BUY,False,True,False,False,False,True,272253.2,36884166.3355,True,FAILED,NONE,"Trend, Volume, Breakout, Candle","Trend, Volume, Breakout/Retest","Trend, Volume, Breakout, Candle"
AIRLINK,131.87,135.83200000000005,145.71480000000003,157.51670000000024,36.27453434578838,0.380538853995417,167.98,-21.49660673889748,NONE,STRONG_BULLISH,BULLISH,18.81,NO_BUY,False,False,False,False,True,True,678437.95,92714944.5575,True,FAILED,NONE,"Trend, RSI, Volume, Breakout","Trend, RSI, Volume, Breakout/Retest","Trend, RSI, Volume, Breakout"
HMB,108.23,112.94999999999985,114.92239999999994,115.50900000000019,29.40749590584123,1.378459016973089,120.32,-10.048204787234035,NONE,NONE,BULLISH,18.78,NO_BUY,False,False,False,False,False,True,240395.25,27140921.827,True,PARTIAL,Volume,"Trend, RSI, Breakout, Candle","Trend, RSI, Volume, Breakout/Retest","Trend, RSI, Breakout, Candle, Volume (partial: 13.78/15)"
AGTL,365.88,369.8670000000007,379.4789999999998,380.7766999999991,45.05384504355398,0.3727174811512161,409.9,-10.739204684069282,NONE,BULLISH_ENGULFING,BULLISH,18.73,ILLIQUID,False,False,False,False,True,True,19961.5,7459275.683,False,FAILED,NONE,"Trend, RSI, Volume, Breakout, Liquidity","Trend, RSI, Volume, Breakout/Retest, Liquidity","Trend, RSI, Volume, Breakout, Liquidity"
UPFL,25222.8,25272.282999999945,25478.70979999999,26696.86820000004,46.02195727162384,0.36418816388467373,26900.0,-6.234944237918218,NONE,STRONG_BULLISH,BULLISH,18.64,ILLIQUID,False,False,False,False,True,True,32.95,832065.6985,False,FAILED,NONE,"Trend, RSI, Volume, Breakout, Liquidity","Trend, RSI, Volume, Breakout/Retest, Liquidity","Trend, RSI, Volume, Breakout, Liquidity"
PRWM,67.27,66.93900000000004,67.7112,53.961300000000044,49.34014602415004,0.3591526944983841,83.0,-18.95180722891567,NONE,NONE,BULLISH,18.59,ILLIQUID,False,False,False,False,False,True,14651.15,960853.049,False,FAILED,NONE,"Trend, RSI, Volume, Breakout, Candle, Liquidity","Trend, RSI, Volume, Breakout/Retest, Liquidity","Trend, RSI, Volume, Breakout, Candle, Liquidity"
HUMNL,10.44,10.575499999999973,10.875799999999987,12.217399999999989,41.52282005086877,1.3547016469031277,11.79,-11.450381679389311,NONE,NONE,BULLISH,18.55,ILLIQUID,False,False,False,False,False,True,864732.1,9176421.363,False,PARTIAL,Volume,"Trend, RSI, Breakout, Candle, Liquidity","Trend, RSI, Volume, Breakout/Retest, Liquidity","Trend, RSI, Breakout, Candle, Liquidity, Volume (partial: 13.55/15)"
LCI,224.2,226.29199999999997,231.3974000000002,255.73165000000023,42.95897300339483,0.3548970364744044,248.11,-9.636854620934272,NONE,STRONG_BULLISH,BULLISH,18.55,ILLIQUID,False,False,False,False,True,True,79059.55,17865321.807,False,FAILED,NONE,"Trend, RSI, Volume, Breakout, Liquidity","Trend, RSI, Volume, Breakout/Retest, Liquidity","Trend, RSI, Volume, Breakout, Liquidity"
LUCK,440.41,446.0275000000007,454.16200000000026,443.9823000000004,44.99308130674582,0.3502993975910871,489.0,-9.93660531697341,NONE,STRONG_BULLISH,BULLISH,18.5,NO_BUY,False,False,False,False,True,True,1660334.0,745612868.1819999,True,FAILED,NONE,"Trend, RSI, Volume, Breakout","Trend, RSI, Volume, Breakout/Retest","Trend, RSI, Volume, Breakout"
EFERT,184.01,187.856,193.1106000000001,209.7125999999997,38.32850619417743,0.3466199961790244,203.49,-9.572951987812678,NONE,STRONG_BULLISH,BULLISH,18.47,NO_BUY,False,False,False,False,True,True,1025916.0,193519581.211,True,FAILED,NONE,"Trend, RSI, Volume, Breakout","Trend, RSI, Volume, Breakout/Retest","Trend, RSI, Volume, Breakout"
FEROZ,356.73,376.7539999999996,388.89419999999967,387.7000000000005,31.96686252159664,0.3392075990501187,415.91,-14.229039936524728,NONE,STRONG_BULLISH,BULLISH,18.39,ILLIQUID,False,False,False,False,True,True,20002.5,7594199.759000001,False,FAILED,NONE,"Trend, RSI, Volume, Breakout, Liquidity","Trend, RSI, Volume, Breakout/Retest, Liquidity","Trend, RSI, Volume, Breakout, Liquidity"
KOSM,5.69,5.964999999999998,6.0852000000000155,5.909299999999995,41.45984764412143,0.3299801577115971,7.13,-20.196353436185127,NONE,STRONG_BULLISH,BULLISH,18.3,NO_BUY,False,False,False,False,True,True,6272462.0,37642070.1485,True,FAILED,NONE,"Trend, RSI, Volume, Breakout","Trend, RSI, Volume, Breakout/Retest","Trend, RSI, Volume, Breakout"
FEM,11.08,11.128999999999992,11.243000000000006,10.648349999999992,49.507612711958764,0.819533273880278,12.99,-14.703618167821404,NONE,NONE,BULLISH,18.2,ILLIQUID,False,False,False,False,False,True,42442.45,478397.94550000003,False,FAILED,NONE,"Trend, RSI, Volume, Breakout, Candle, Liquidity","Trend, RSI, Volume, Breakout/Retest, Liquidity","Trend, RSI, Volume, Breakout, Candle, Liquidity"
SLGL,15.26,15.970999999999998,16.297800000000006,17.676850000000012,42.25924902787538,1.316176002310075,18.5,-17.513513513513516,NONE,NONE,BULLISH,18.16,NO_BUY,False,False,False,False,False,True,3048558.85,50471905.346499994,True,PARTIAL,Volume,"Trend, RSI, Breakout, Candle","Trend, RSI, Volume, Breakout/Retest","Trend, RSI, Breakout, Candle, Volume (partial: 13.16/15)"
KEL,7.15,7.311499999999998,7.708200000000005,7.176250000000009,39.59486390494076,1.2939134069443132,8.81,-18.842224744608398,NONE,NONE,BULLISH,17.94,NO_BUY,False,False,False,False,False,True,20947115.05,153773722.022,True,PARTIAL,Volume,"Trend, RSI, Breakout, Candle","Trend, RSI, Volume, Breakout/Retest","Trend, RSI, Breakout, Candle, Volume (partial: 12.94/15)"
HINOON,987.43,990.8109999999999,993.2519999999993,996.3318999999991,48.37545613047681,0.28728938582188057,1070.0,-7.716822429906546,NONE,STRONG_BULLISH,BULLISH,17.87,ILLIQUID,False,False,False,False,True,True,17386.65,17195887.159,False,FAILED,NONE,"Trend, RSI, Volume, Breakout, Liquidity","Trend, RSI, Volume, Breakout/Retest, Liquidity","Trend, RSI, Volume, Breakout, Liquidity"
SHJS,157.26,173.55650000000017,170.30160000000006,170.35280000000014,42.368879250845964,0.03473040306465265,220.0,-28.51818181818182,NONE,NONE,BULLISH,17.85,ILLIQUID,False,False,False,False,False,True,11459.7,2079216.316,False,FAILED,NONE,"Trend, RSI, Volume, Breakout, Candle, Liquidity","Trend, RSI, Volume, Breakout/Retest, Liquidity","Trend, RSI, Volume, Breakout, Candle, Liquidity"
PIBTL,16.37,16.686499999999988,17.321199999999994,17.013800000000007,40.62661260116005,0.2827397327444076,19.25,-14.961038961038955,NONE,STRONG_BULLISH,BULLISH,17.83,NO_BUY,False,False,False,False,True,True,16755660.6,280828180.7295,True,FAILED,NONE,"Trend, RSI, Volume, Breakout","Trend, RSI, Volume, Breakout/Retest","Trend, RSI, Volume, Breakout"
BFAGRO,33.09,33.80200000000004,34.66959999999996,36.969049999999996,39.49461749399706,0.2744744913287355,38.0,-12.921052631578938,NONE,STRONG_BULLISH,BULLISH,17.74,ILLIQUID,False,False,False,False,True,True,121158.8,4088130.2055,False,FAILED,NONE,"Trend, RSI, Volume, Breakout, Liquidity","Trend, RSI, Volume, Breakout/Retest, Liquidity","Trend, RSI, Volume, Breakout, Liquidity"
FHAM,32.63,33.15749999999998,33.32559999999999,32.69534999999999,43.81794043466561,0.22034498937869842,35.06,-6.9309754706217905,NONE,STRONG_BULLISH,BULLISH,17.2,ILLIQUID,False,False,False,False,True,True,25255.85,837218.931,False,FAILED,NONE,"Trend, RSI, Volume, Breakout, Liquidity","Trend, RSI, Volume, Breakout/Retest, Liquidity","Trend, RSI, Volume, Breakout, Liquidity"
PIOC,266.81,274.00950000000023,277.2048000000001,292.5369000000001,43.593253547222716,0.21880363655020577,301.0,-11.358803986710962,NONE,STRONG_BULLISH,BULLISH,17.19,NO_BUY,False,False,False,False,True,True,197830.35,55221863.0235,True,FAILED,NONE,"Trend, RSI, Volume, Breakout","Trend, RSI, Volume, Breakout/Retest","Trend, RSI, Volume, Breakout"
QTECH,37.95,45.03099999999992,45.49980000000006,39.850949999999976,31.83635597416327,0.1948730796792522,54.01,-29.735234215885942,NONE,STRONG_BULLISH,BULLISH,16.95,NO_BUY,False,False,False,False,True,True,1402584.7,64751134.8045,True,FAILED,NONE,"Trend, RSI, Volume, Breakout","Trend, RSI, Volume, Breakout/Retest","Trend, RSI, Volume, Breakout"
AKDSL,36.9,37.02099999999997,38.397400000000026,37.198400000000014,47.264141836576506,0.19334416216172187,45.51,-18.918918918918916,NONE,STRONG_BULLISH,BULLISH,16.93,NO_BUY,False,False,False,False,True,True,497222.15,18646023.86,True,FAILED,NONE,"Trend, RSI, Volume, Breakout","Trend, RSI, Volume, Breakout/Retest","Trend, RSI, Volume, Breakout"
POWER,21.77,21.7675,21.945000000000004,19.468850000000014,48.98212909373058,0.18501142380877783,23.79,-8.490962589323244,NONE,NONE,BULLISH,16.85,NO_BUY,False,False,False,False,False,True,1617586.6,35612953.3005,True,FAILED,NONE,"Trend, RSI, Volume, Breakout, Candle","Trend, RSI, Volume, Breakout/Retest","Trend, RSI, Volume, Breakout, Candle"
NESTLE,7520.0,7638.377499999992,7653.743600000011,7784.098250000001,41.216139468416415,0.1733477789815818,7913.37,-4.970954220515405,NONE,STRONG_BULLISH,BULLISH,16.73,ILLIQUID,False,False,False,False,True,True,461.5,3527443.658,False,FAILED,NONE,"Trend, RSI, Volume, Breakout, Liquidity","Trend, RSI, Volume, Breakout/Retest, Liquidity","Trend, RSI, Volume, Breakout, Liquidity"
MIRKS,33.57,33.12850000000009,34.463799999999964,33.46355000000001,49.91327117859442,0.17058376437673933,39.0,-13.923076923076922,NONE,NONE,BULLISH,16.71,ILLIQUID,False,False,False,False,False,True,50719.95,1685250.4065,False,FAILED,NONE,"Trend, RSI, Volume, Breakout, Candle, Liquidity","Trend, RSI, Volume, Breakout/Retest, Liquidity","Trend, RSI, Volume, Breakout, Candle, Liquidity"
ABL,175.79,177.86800000000022,180.55119999999977,181.82645,40.19871413159357,1.155445155981105,190.8,-7.866876310272547,NONE,NONE,BULLISH,16.55,ILLIQUID,False,False,False,False,False,True,52616.95,9363433.8795,False,PARTIAL,Volume,"Trend, RSI, Breakout, Candle, Liquidity","Trend, RSI, Volume, Breakout/Retest, Liquidity","Trend, RSI, Breakout, Candle, Liquidity, Volume (partial: 11.55/15)"
AVN,32.59,32.35199999999993,33.786600000000014,36.86859999999997,47.04600158841233,0.6506086497809177,39.51,-17.514553277651217,NONE,NONE,BULLISH,16.51,NO_BUY,False,False,False,False,False,True,500645.05,16300371.180000002,True,FAILED,NONE,"Trend, RSI, Volume, Breakout, Candle","Trend, RSI, Volume, Breakout/Retest","Trend, RSI, Volume, Breakout, Candle"
DFSM,13.97,16.51600000000001,19.113999999999987,10.64914999999999,30.056707130107085,0.647213993237285,33.24,-57.972322503008435,NONE,NONE,BULLISH,16.47,NO_BUY,False,False,False,False,False,True,842398.35,14256129.7165,True,FAILED,NONE,"Trend, RSI, Volume, Breakout, Candle","Trend, RSI, Volume, Breakout/Retest","Trend, RSI, Volume, Breakout, Candle"
ATBA,202.48,203.22650000000039,211.03960000000075,221.67329999999922,39.5574947986656,1.1416956917675112,224.9,-9.968875055580265,NONE,NONE,BULLISH,16.42,ILLIQUID,False,False,False,False,False,True,10651.7,2167835.9905000003,False,PARTIAL,Volume,"Trend, RSI, Breakout, Candle, Liquidity","Trend, RSI, Volume, Breakout/Retest, Liquidity","Trend, RSI, Breakout, Candle, Liquidity, Volume (partial: 11.42/15)"
MCBIM,157.24,157.40400000000022,160.351,192.10734999999988,46.00293406479507,0.12180989197831106,176.0,-10.659090909090905,NONE,STRONG_BULLISH,BULLISH,16.22,ILLIQUID,False,False,False,False,True,True,5910.85,940655.8365,False,FAILED,NONE,"Trend, RSI, Volume, Breakout, Liquidity","Trend, RSI, Volume, Breakout/Retest, Liquidity","Trend, RSI, Volume, Breakout, Liquidity"
DMC,183.15,183.42099999999976,191.95880000000005,211.91790000000003,44.98187022958504,0.12107010349541104,223.0,-17.86995515695067,NONE,STRONG_BULLISH,BULLISH,16.21,ILLIQUID,False,False,False,False,True,True,256.05,46953.103,False,FAILED,NONE,"Trend, RSI, Volume, Breakout, Liquidity","Trend, RSI, Volume, Breakout/Retest, Liquidity","Trend, RSI, Volume, Breakout, Liquidity"
TRG,60.15,60.70100000000027,63.21380000000019,64.0788499999999,46.4848858652142,1.1075293014410963,71.67,-16.073670992046885,NONE,NONE,BULLISH,16.08,NO_BUY,False,False,False,False,False,True,3442812.75,209902230.019,True,PARTIAL,Volume,"Trend, RSI, Breakout, Candle","Trend, RSI, Volume, Breakout/Retest","Trend, RSI, Breakout, Candle, Volume (partial: 11.08/15)"
SEARL,87.67,90.25699999999995,92.41279999999972,99.88645000000005,37.02754070218594,1.0765199196975395,99.5,-11.889447236180903,NONE,NONE,BULLISH,15.77,NO_BUY,False,False,False,False,False,True,1400579.75,126765361.5375,True,PARTIAL,Volume,"Trend, RSI, Breakout, Candle","Trend, RSI, Volume, Breakout/Retest","Trend, RSI, Breakout, Candle, Volume (partial: 10.77/15)"
MACTER,275.85,279.89599999999973,281.31039999999973,305.888649999999,42.22125664835283,1.07675215888876,315.0,-12.42857142857142,NONE,NONE,BULLISH,15.77,ILLIQUID,False,False,False,False,False,True,7335.95,2055843.018,False,PARTIAL,Volume,"Trend, RSI, Breakout, Candle, Liquidity","Trend, RSI, Volume, Breakout/Retest, Liquidity","Trend, RSI, Breakout, Candle, Liquidity, Volume (partial: 10.77/15)"
MUGHAL,77.88,80.92449999999994,83.37179999999977,83.30155,36.79307661298418,1.0684357246933553,92.56,-15.859982713915304,NONE,NONE,BULLISH,15.68,NO_BUY,False,False,False,False,False,True,556356.35,45164587.637,True,PARTIAL,Volume,"Trend, RSI, Breakout, Candle","Trend, RSI, Volume, Breakout/Retest","Trend, RSI, Breakout, Candle, Volume (partial: 10.68/15)"
SITC,787.99,788.7675000000006,824.9840000000004,848.7797500000005,44.3896111115649,0.0526828150947718,903.0,-12.736434108527131,NONE,STRONG_BULLISH,BULLISH,15.53,ILLIQUID,False,False,False,False,True,True,3492.6,2729629.739,False,FAILED,NONE,"Trend, RSI, Volume, Breakout, Liquidity","Trend, RSI, Volume, Breakout/Retest, Liquidity","Trend, RSI, Volume, Breakout, Liquidity"
SNGP,102.49,103.41699999999969,108.52760000000002,107.68329999999986,45.27891774463643,1.0498553224916791,126.4,-18.916139240506336,NONE,NONE,BULLISH,15.5,NO_BUY,False,False,False,False,False,True,2821482.1,293400614.399,True,PARTIAL,Volume,"Trend, RSI, Breakout, Candle","Trend, RSI, Volume, Breakout/Retest","Trend, RSI, Breakout, Candle, Volume (partial: 10.50/15)"
DGKC,211.86,212.47550000000018,214.47159999999982,207.86385,49.05650625050906,0.5359051834019921,234.0,-9.461538461538456,NONE,NONE,BULLISH,15.36,NO_BUY,False,False,False,False,False,True,4738233.7,1006029956.349,True,FAILED,NONE,"Trend, RSI, Volume, Breakout, Candle","Trend, RSI, Volume, Breakout/Retest","Trend, RSI, Volume, Breakout, Candle"
CTM,6.47,6.75799999999999,7.103399999999999,6.8425500000000055,36.193819868105116,0.02870638875050627,8.15,-20.613496932515343,NONE,STRONG_BULLISH,BULLISH,15.29,ILLIQUID,False,False,False,False,True,True,506646.8,3481301.8844999997,False,FAILED,NONE,"Trend, RSI, Volume, Breakout, Liquidity","Trend, RSI, Volume, Breakout/Retest, Liquidity","Trend, RSI, Volume, Breakout, Liquidity"
MEHT,146.37,163.80500000000063,199.02980000000028,250.73289999999974,28.72764516194566,1.0277527123605692,260.0,-43.70384615384616,NONE,NONE,BULLISH,15.28,NO_BUY,False,False,False,False,False,True,318666.15,47998962.7495,True,PARTIAL,Volume,"Trend, RSI, Breakout, Candle","Trend, RSI, Volume, Breakout/Retest","Trend, RSI, Breakout, Candle, Volume (partial: 10.28/15)"
DLL,53.96,53.79300000000025,55.5000000000007,443.3372999999996,23.85334542361143,0.5214385593258963,60.63,-11.00115454395514,NONE,NONE,BULLISH,15.21,ILLIQUID,False,False,False,False,False,True,27426.05,1476521.8505000002,False,FAILED,NONE,"Trend, RSI, Volume, Breakout, Candle, Liquidity","Trend, RSI, Volume, Breakout/Retest, Liquidity","Trend, RSI, Volume, Breakout, Candle, Liquidity"
DIIL,60.26,61.07349999999995,61.419199999999925,63.83924999999999,47.67048791894011,0.009139563375582787,67.0,-10.059701492537316,NONE,STRONG_BULLISH,BULLISH,15.09,ILLIQUID,False,False,False,False,True,True,17834.55,1115013.957,False,FAILED,NONE,"Trend, RSI, Volume, Breakout, Liquidity","Trend, RSI, Volume, Breakout/Retest, Liquidity","Trend, RSI, Volume, Breakout, Liquidity"
HWQS,17.37,18.026999999999987,18.570200000000003,19.92969999999999,42.890641559629984,1.0083624163831741,21.8,-20.32110091743119,NONE,NONE,BULLISH,15.08,ILLIQUID,False,False,False,False,False,True,17034.55,306630.686,False,PARTIAL,Volume,"Trend, RSI, Breakout, Candle, Liquidity","Trend, RSI, Volume, Breakout/Retest, Liquidity","Trend, RSI, Breakout, Candle, Liquidity, Volume (partial: 10.08/15)"
ECOP,48.58,49.102500000000035,52.04599999999994,51.08854999999996,43.45600336114002,1.0083661651357354,59.0,-17.661016949152543,NONE,NONE,BULLISH,15.08,ILLIQUID,False,False,False,False,False,True,82008.9,4044710.881,False,PARTIAL,Volume,"Trend, RSI, Breakout, Candle, Liquidity","Trend, RSI, Volume, Breakout/Retest, Liquidity","Trend, RSI, Breakout, Candle, Liquidity, Volume (partial: 10.08/15)"
ASTL,15.35,15.541499999999948,16.082999999999952,18.594500000000018,42.35543034971723,0.9826532777158664,17.18,-10.651920838183935,NONE,NONE,BULLISH,14.83,NO_BUY,False,False,False,False,False,True,944091.9,14747306.368999999,True,FAILED,NONE,"Trend, RSI, Volume, Breakout, Candle","Trend, RSI, Volume, Breakout/Retest","Trend, RSI, Volume, Breakout, Candle"
MFL,43.32,41.69249999999998,43.47980000000003,54.880700000000054,53.214005631647304,0.31978888732460375,48.15,-10.031152647975075,NONE,NONE,BULLISH,14.8,NO_BUY,False,True,False,False,False,True,562202.15,24427030.753,True,FAILED,NONE,"Trend, Volume, Breakout, Candle","Trend, Volume, Breakout/Retest","Trend, Volume, Breakout, Candle"
FFLM,12.86,14.530000000000001,16.698799999999995,10.611,34.33590626478829,0.47644028182950343,27.0,-52.37037037037037,NONE,NONE,BULLISH,14.76,ILLIQUID,False,False,False,False,False,True,257914.8,3860206.9215,False,FAILED,NONE,"Trend, RSI, Volume, Breakout, Candle, Liquidity","Trend, RSI, Volume, Breakout/Retest, Liquidity","Trend, RSI, Volume, Breakout, Candle, Liquidity"
DAAG,81.06,81.20899999999983,87.24779999999993,79.0455,44.980538828808676,0.444620269423237,106.0,-23.528301886792452,NONE,NONE,BULLISH,14.45,ILLIQUID,False,False,False,False,False,True,9731.9,828301.4489999999,False,FAILED,NONE,"Trend, RSI, Volume, Breakout, Candle, Liquidity","Trend, RSI, Volume, Breakout/Retest, Liquidity","Trend, RSI, Volume, Breakout, Candle, Liquidity"
ALNRS,122.86,128.7675000000001,130.37940000000003,122.26454999999999,36.56135132651845,0.44212111815000216,138.99,-11.605151449744593,NONE,NONE,BULLISH,14.42,ILLIQUID,False,False,False,False,False,True,1128.65,145080.261,False,FAILED,NONE,"Trend, RSI, Volume, Breakout, Candle, Liquidity","Trend, RSI, Volume, Breakout/Retest, Liquidity","Trend, RSI, Volume, Breakout, Candle, Liquidity"
OCTOPUS,30.67,31.49249999999994,32.73080000000004,35.921800000000054,35.64143777208861,0.9366197183098591,38.86,-21.075656201749865,NONE,NONE,BULLISH,14.37,ILLIQUID,False,False,False,False,False,True,130498.0,4111730.3825000003,False,FAILED,NONE,"Trend, RSI, Volume, Breakout, Candle, Liquidity","Trend, RSI, Volume, Breakout/Retest, Liquidity","Trend, RSI, Volume, Breakout, Candle, Liquidity"
CYAN,41.91,42.83450000000003,45.48939999999993,42.54544999999997,47.00898183841059,0.9189009317360716,51.95,-19.326275264677587,NONE,NONE,BULLISH,14.19,ILLIQUID,False,False,False,False,False,True,27346.8,1221775.6949999998,False,FAILED,NONE,"Trend, RSI, Volume, Breakout, Candle, Liquidity","Trend, RSI, Volume, Breakout/Retest, Liquidity","Trend, RSI, Volume, Breakout, Candle, Liquidity"
AGHA,7.19,7.503499999999984,7.8186000000000115,7.855649999999974,32.385137678758554,0.9180235184126493,8.58,-16.200466200466195,NONE,NONE,BULLISH,14.18,NO_BUY,False,False,False,False,False,True,1583015.0,11899201.4,True,FAILED,NONE,"Trend, RSI, Volume, Breakout, Candle","Trend, RSI, Volume, Breakout/Retest","Trend, RSI, Volume, Breakout, Candle"
TBL,9.83,9.829999999999993,10.218600000000055,10.823,45.64045388485751,0.4144702596146887,11.19,-12.153708668453971,NONE,NONE,BULLISH,14.14,NO_BUY,False,False,False,False,False,True,1880552.3,18822261.9385,True,FAILED,NONE,"Trend, RSI, Volume, Breakout, Candle","Trend, RSI, Volume, Breakout/Retest","Trend, RSI, Volume, Breakout, Candle"
CSAP,103.52,105.30499999999986,106.99039999999987,103.00049999999993,45.343839730777795,0.4131712170962353,118.32,-12.508451656524677,NONE,NONE,BULLISH,14.13,NO_BUY,False,False,False,False,False,True,355259.5,37877917.017000005,True,FAILED,NONE,"Trend, RSI, Volume, Breakout, Candle","Trend, RSI, Volume, Breakout/Retest","Trend, RSI, Volume, Breakout, Candle"
SSGC,27.53,26.81249999999997,28.692400000000024,30.006899999999963,49.19293982328753,0.3910285958983406,33.2,-17.078313253012052,NONE,NONE,BULLISH,13.91,NO_BUY,False,False,False,False,False,True,12501840.15,341273488.53249997,True,FAILED,NONE,"Trend, RSI, Volume, Breakout, Candle","Trend, RSI, Volume, Breakout/Retest","Trend, RSI, Volume, Breakout, Candle"
JDWS,903.93,907.060999999999,926.4867999999992,881.9663499999987,45.04308921677168,0.37503210891343436,999.0,-9.516516516516521,NONE,NONE,BULLISH,13.75,ILLIQUID,False,False,False,False,False,True,1167.9,1062154.743,False,FAILED,NONE,"Trend, RSI, Volume, Breakout, Candle, Liquidity","Trend, RSI, Volume, Breakout/Retest, Liquidity","Trend, RSI, Volume, Breakout, Candle, Liquidity"
BAFL,56.32,57.889999999999986,58.555400000000056,57.79100000000003,37.816101501955664,0.8704913364400932,63.0,-10.603174603174603,NONE,NONE,BULLISH,13.7,NO_BUY,False,False,False,False,False,True,4039202.75,234556693.162,True,FAILED,NONE,"Trend, RSI, Volume, Breakout, Candle","Trend, RSI, Volume, Breakout/Retest","Trend, RSI, Volume, Breakout, Candle"
SHEL,185.01,186.0330000000002,196.1708000000003,161.81740000000013,45.93229578544816,0.3677654719411025,233.0,-20.596566523605155,NONE,NONE,BULLISH,13.68,NO_BUY,False,False,False,False,False,True,101681.65,19627922.7865,True,FAILED,NONE,"Trend, RSI, Volume, Breakout, Candle","Trend, RSI, Volume, Breakout/Retest","Trend, RSI, Volume, Breakout, Candle"
HTL,41.13,41.05599999999997,42.556400000000025,47.07485000000006,47.490159551146625,0.36056000757190354,48.01,-14.330347844199116,NONE,NONE,BULLISH,13.61,NO_BUY,False,False,False,False,False,True,529853.55,22069282.725,True,FAILED,NONE,"Trend, RSI, Volume, Breakout, Candle","Trend, RSI, Volume, Breakout/Retest","Trend, RSI, Volume, Breakout, Candle"
AMBL,20.72,22.43999999999996,23.03,20.273600000000016,39.221532012090954,0.35718023762913576,24.76,-16.31663974151859,NONE,NONE,BULLISH,13.57,ILLIQUID,False,False,False,False,False,True,12898.25,285574.529,False,FAILED,NONE,"Trend, RSI, Volume, Breakout, Candle, Liquidity","Trend, RSI, Volume, Breakout/Retest, Liquidity","Trend, RSI, Volume, Breakout, Candle, Liquidity"
QUICE,31.23,33.30149999999999,34.3376,26.326749999999976,33.97000198565675,0.34810347739002645,39.11,-20.148299667604192,NONE,NONE,BULLISH,13.48,ILLIQUID,False,False,False,False,False,True,149530.25,5039205.1895,False,FAILED,NONE,"Trend, RSI, Volume, Breakout, Candle, Liquidity","Trend, RSI, Volume, Breakout/Retest, Liquidity","Trend, RSI, Volume, Breakout, Candle, Liquidity"
DNCC,17.5,17.491000000000046,18.475400000000008,19.36145,47.11822458243724,0.3369647223862302,21.0,-16.666666666666664,NONE,NONE,BULLISH,13.37,ILLIQUID,False,False,False,False,False,True,122538.05,2186663.8170000003,False,FAILED,NONE,"Trend, RSI, Volume, Breakout, Candle, Liquidity","Trend, RSI, Volume, Breakout/Retest, Liquidity","Trend, RSI, Volume, Breakout, Candle, Liquidity"
HAEL,27.14,27.853499999999976,28.47619999999998,22.646099999999993,45.6012848061917,0.3309659526553073,37.96,-28.503688092729192,NONE,NONE,BULLISH,13.31,ILLIQUID,False,False,False,False,False,True,34236.15,989424.7725,False,FAILED,NONE,"Trend, RSI, Volume, Breakout, Candle, Liquidity","Trend, RSI, Volume, Breakout/Retest, Liquidity","Trend, RSI, Volume, Breakout, Candle, Liquidity"
YOUW,5.18,5.376500000000001,5.573199999999998,5.388200000000001,37.8026733737114,0.8142914237027897,6.37,-18.681318681318686,NONE,NONE,BULLISH,13.14,ILLIQUID,False,False,False,False,False,True,1480261.2,8035217.174,False,FAILED,NONE,"Trend, RSI, Volume, Breakout, Candle, Liquidity","Trend, RSI, Volume, Breakout/Retest, Liquidity","Trend, RSI, Volume, Breakout, Candle, Liquidity"
PABC,101.46,104.93449999999991,107.40699999999995,112.78279999999994,37.679121023003944,0.8000134099188699,116.0,-12.534482758620696,NONE,NONE,BULLISH,13.0,ILLIQUID,False,False,False,False,False,True,35794.4,3767107.8740000003,False,FAILED,NONE,"Trend, RSI, Volume, Breakout, Candle, Liquidity","Trend, RSI, Volume, Breakout/Retest, Liquidity","Trend, RSI, Volume, Breakout, Candle, Liquidity"
PAEL,40.4,42.45499999999995,43.021000000000015,46.75859999999998,37.05391098337428,0.7951974292791791,47.2,-14.406779661016959,NONE,NONE,BULLISH,12.95,NO_BUY,False,False,False,False,False,True,4464708.85,191202934.633,True,FAILED,NONE,"Trend, RSI, Volume, Breakout, Candle","Trend, RSI, Volume, Breakout/Retest","Trend, RSI, Volume, Breakout, Candle"
UNIC,12.27,12.265000000000006,12.431799999999999,13.66149999999998,48.99594314025874,0.29422591705102114,14.25,-13.894736842105265,NONE,NONE,BULLISH,12.94,ILLIQUID,False,False,False,False,False,True,614612.75,7593549.540999999,False,FAILED,NONE,"Trend, RSI, Volume, Breakout, Candle, Liquidity","Trend, RSI, Volume, Breakout/Retest, Liquidity","Trend, RSI, Volume, Breakout, Candle, Liquidity"
CLOV,6.83,7.848500000000016,7.9912,6.435899999999997,25.381884018024763,0.28742939925331473,8.6,-20.581395348837205,NONE,NONE,BULLISH,12.87,NO_BUY,False,False,False,False,False,True,3852747.85,29202314.014999997,True,FAILED,NONE,"Trend, RSI, Volume, Breakout, Candle","Trend, RSI, Volume, Breakout/Retest","Trend, RSI, Volume, Breakout, Candle"
ELCM,205.55,223.09400000000036,245.44000000000023,203.63164999999998,37.65845501796926,0.27754251091276305,339.77,-39.503193336668915,NONE,NONE,BULLISH,12.78,ILLIQUID,False,False,False,False,False,True,767.45,174965.5275,False,FAILED,NONE,"Trend, RSI, Volume, Breakout, Candle, Liquidity","Trend, RSI, Volume, Breakout/Retest, Liquidity","Trend, RSI, Volume, Breakout, Candle, Liquidity"
TOWL,125.2,124.4010000000003,125.24260000000012,136.3483499999999,50.607963074177356,0.24571417770805373,138.9,-9.863210943124551,NONE,NONE,BULLISH,12.76,ILLIQUID,False,True,False,False,False,True,23808.15,3015436.3844999997,False,FAILED,NONE,"Trend, Volume, Breakout, Candle, Liquidity","Trend, Volume, Breakout/Retest, Liquidity","Trend, Volume, Breakout, Candle, Liquidity"
SMCPL,40.26,41.19499999999995,43.118600000000036,42.727399999999996,40.01792281977329,0.7676069965917482,49.88,-19.28628708901364,NONE,NONE,BULLISH,12.68,ILLIQUID,False,False,False,False,False,True,50641.8,2079479.182,False,FAILED,NONE,"Trend, RSI, Volume, Breakout, Candle, Liquidity","Trend, RSI, Volume, Breakout/Retest, Liquidity","Trend, RSI, Volume, Breakout, Candle, Liquidity"
GUSM,9.1,9.443500000000004,9.607599999999994,8.291499999999994,45.82898134733329,0.26264916210743977,13.32,-31.681681681681685,NONE,NONE,BULLISH,12.63,ILLIQUID,False,False,False,False,False,True,37140.8,371567.961,False,FAILED,NONE,"Trend, RSI, Volume, Breakout, Candle, Liquidity","Trend, RSI, Volume, Breakout/Retest, Liquidity","Trend, RSI, Volume, Breakout, Candle, Liquidity"
PRET,480.0,491.9019999999999,499.5642000000007,464.2060500000001,43.852275563906474,0.2549362659335166,580.0,-17.24137931034483,NONE,NONE,BULLISH,12.55,ILLIQUID,False,False,False,False,False,True,6201.55,3052307.0505,False,FAILED,NONE,"Trend, RSI, Volume, Breakout, Candle, Liquidity","Trend, RSI, Volume, Breakout/Retest, Liquidity","Trend, RSI, Volume, Breakout, Candle, Liquidity"
BML,57.22,58.44049999999991,58.969599999999815,76.61770000000006,44.85163412042462,0.7512763262840826,65.81,-13.052727549004715,NONE,NONE,BULLISH,12.51,NO_BUY,False,False,False,False,False,True,357451.7,21130768.496,True,FAILED,NONE,"Trend, RSI, Volume, Breakout, Candle","Trend, RSI, Volume, Breakout/Retest","Trend, RSI, Volume, Breakout, Candle"
AGL,45.75,45.83850000000003,48.450200000000024,56.874300000000005,44.85119509194255,0.7503676792790909,59.86,-23.57166722352155,NONE,NONE,BULLISH,12.5,ILLIQUID,False,False,False,False,False,True,135784.1,6254906.8525,False,FAILED,NONE,"Trend, RSI, Volume, Breakout, Candle, Liquidity","Trend, RSI, Volume, Breakout/Retest, Liquidity","Trend, RSI, Volume, Breakout, Candle, Liquidity"
TCORP,19.69,20.776000000000003,22.242799999999974,22.26760000000003,34.907113630474825,0.7465232384325836,24.75,-20.44444444444444,NONE,NONE,BULLISH,12.47,ILLIQUID,False,False,False,False,False,True,162162.4,3226195.8365,False,FAILED,NONE,"Trend, RSI, Volume, Breakout, Candle, Liquidity","Trend, RSI, Volume, Breakout/Retest, Liquidity","Trend, RSI, Volume, Breakout, Candle, Liquidity"
MWMP,54.88,58.4505,63.30540000000005,67.65109999999993,34.710595649419716,0.7431714713651428,74.0,-25.837837837837835,NONE,NONE,BULLISH,12.43,ILLIQUID,False,False,False,False,False,True,33749.95,1957711.6075,False,FAILED,NONE,"Trend, RSI, Volume, Breakout, Candle, Liquidity","Trend, RSI, Volume, Breakout/Retest, Liquidity","Trend, RSI, Volume, Breakout, Candle, Liquidity"
STL,25.37,36.149499999999925,43.46439999999994,94.94679999999991,21.04933031792271,0.7337490647331106,52.51,-51.685393258426956,NONE,NONE,BULLISH,12.34,NO_BUY,False,False,False,False,False,True,854301.6,27804856.3975,True,FAILED,NONE,"Trend, RSI, Volume, Breakout, Candle","Trend, RSI, Volume, Breakout/Retest","Trend, RSI, Volume, Breakout, Candle"
WAVES,9.94,10.500499999999953,10.743199999999975,11.81205000000001,36.64269778914469,0.7313265050291078,11.6,-14.310344827586208,NONE,NONE,BULLISH,12.31,NO_BUY,False,False,False,False,False,True,3053071.35,32519506.7415,True,FAILED,NONE,"Trend, RSI, Volume, Breakout, Candle","Trend, RSI, Volume, Breakout/Retest","Trend, RSI, Volume, Breakout, Candle"
BOP,32.83,34.14349999999999,34.73760000000005,34.521650000000044,39.829781002253405,0.7300813451979861,37.36,-12.125267665952894,NONE,NONE,BULLISH,12.3,NO_BUY,False,False,False,False,False,True,22971589.55,797603553.2885001,True,FAILED,NONE,"Trend, RSI, Volume, Breakout, Candle","Trend, RSI, Volume, Breakout/Retest","Trend, RSI, Volume, Breakout, Candle"
KOHC,96.02,97.92099999999984,99.65540000000014,97.15194999999999,45.066564319805515,0.7277168926330941,111.01,-13.503287992072794,NONE,NONE,BULLISH,12.28,NO_BUY,False,False,False,False,False,True,401283.8,39515477.007,True,FAILED,NONE,"Trend, RSI, Volume, Breakout, Candle","Trend, RSI, Volume, Breakout/Retest","Trend, RSI, Volume, Breakout, Candle"
KPUS,910.39,1059.7454999999998,1715.0883999999999,780.3063999999996,29.703549118944622,0.2208061007409826,2649.5,-65.63917720324591,NONE,NONE,BULLISH,12.21,ILLIQUID,False,False,False,False,False,True,10411.85,11898727.3945,False,FAILED,NONE,"Trend, RSI, Volume, Breakout, Candle, Liquidity","Trend, RSI, Volume, Breakout/Retest, Liquidity","Trend, RSI, Volume, Breakout, Candle, Liquidity"
TGL,180.21,188.72350000000034,191.3576000000002,187.56194999999977,38.98615693404163,0.704660425540392,208.0,-13.36057692307692,NONE,NONE,BULLISH,12.05,NO_BUY,False,False,False,False,False,True,120475.05,22592230.7315,True,FAILED,NONE,"Trend, RSI, Volume, Breakout, Candle","Trend, RSI, Volume, Breakout/Retest","Trend, RSI, Volume, Breakout, Candle"
KASBM,1.19,1.1094999999999962,1.2088000000000017,1.423349999999997,53.80661125561115,0.011198208286674132,1.42,-16.19718309859155,NONE,NONE,BULLISH,12.02,ILLIQUID,False,True,False,False,False,True,44650.0,48088.25,False,FAILED,NONE,"Trend, Volume, Breakout, Candle, Liquidity","Trend, Volume, Breakout/Retest, Liquidity","Trend, Volume, Breakout, Candle, Liquidity"
TELE,8.03,8.449,8.777199999999988,9.608500000000005,35.63456556543929,0.7008696493441878,9.78,-17.893660531697343,NONE,NONE,BULLISH,12.01,NO_BUY,False,False,False,False,False,True,2742237.45,23276226.5875,True,FAILED,NONE,"Trend, RSI, Volume, Breakout, Candle","Trend, RSI, Volume, Breakout/Retest","Trend, RSI, Volume, Breakout, Candle"
CHCC,304.39,320.7934999999994,321.1601999999994,307.10824999999977,39.112778206848,0.6910326688857944,348.0,-12.531609195402302,NONE,NONE,BULLISH,11.91,NO_BUY,False,False,False,False,False,True,258239.6,82789224.255,True,FAILED,NONE,"Trend, RSI, Volume, Breakout, Candle","Trend, RSI, Volume, Breakout/Retest","Trend, RSI, Volume, Breakout, Candle"
DFML,17.55,18.072500000000026,18.87739999999995,20.88104999999994,35.50091296043324,0.687860551221754,22.4,-21.651785714285708,NONE,NONE,BULLISH,11.88,NO_BUY,False,False,False,False,False,True,677157.6,12246891.738,True,FAILED,NONE,"Trend, RSI, Volume, Breakout, Candle","Trend, RSI, Volume, Breakout/Retest","Trend, RSI, Volume, Breakout, Candle"
ZTL,17.02,18.382500000000007,19.580799999999982,15.710649999999998,38.12553161705372,0.18346166440024317,24.0,-29.083333333333332,NONE,NONE,BULLISH,11.83,ILLIQUID,False,False,False,False,False,True,189652.7,3515403.2835,False,FAILED,NONE,"Trend, RSI, Volume, Breakout, Candle, Liquidity","Trend, RSI, Volume, Breakout/Retest, Liquidity","Trend, RSI, Volume, Breakout, Candle, Liquidity"
FNEL,1.17,1.1970000000000032,1.2367999999999995,1.5240500000000017,38.42326142611088,0.6800260741497633,1.41,-17.02127659574468,NONE,NONE,BULLISH,11.8,NO_BUY,False,False,False,False,False,True,12589480.5,15049097.560999999,True,FAILED,NONE,"Trend, RSI, Volume, Breakout, Candle","Trend, RSI, Volume, Breakout/Retest","Trend, RSI, Volume, Breakout, Candle"
SHEZ,230.0,231.30349999999984,240.75139999999988,245.92569999999995,43.73792762022442,0.6704580301636419,269.99,-14.811659691099674,NONE,NONE,BULLISH,11.7,ILLIQUID,False,False,False,False,False,True,7174.2,1655013.3545,False,FAILED,NONE,"Trend, RSI, Volume, Breakout, Candle, Liquidity","Trend, RSI, Volume, Breakout/Retest, Liquidity","Trend, RSI, Volume, Breakout, Candle, Liquidity"
PTL,52.08,53.346000000000004,54.33659999999998,54.56150000000016,40.387633419956394,0.6670390019211082,59.5,-12.470588235294121,NONE,NONE,BULLISH,11.67,ILLIQUID,False,False,False,False,False,True,84690.7,4542954.632,False,FAILED,NONE,"Trend, RSI, Volume, Breakout, Candle, Liquidity","Trend, RSI, Volume, Breakout/Retest, Liquidity","Trend, RSI, Volume, Breakout, Candle, Liquidity"
IDYM,130.47,132.7600000000004,138.39959999999985,141.0102000000002,42.54267555324127,0.6602690212957233,153.63,-15.07518062878344,NONE,NONE,BULLISH,11.6,ILLIQUID,False,False,False,False,False,True,16240.35,2165453.582,False,FAILED,NONE,"Trend, RSI, Volume, Breakout, Candle, Liquidity","Trend, RSI, Volume, Breakout/Retest, Liquidity","Trend, RSI, Volume, Breakout, Candle, Liquidity"
BPL,52.15,54.1075,56.23640000000001,38.935649999999974,42.14759774123619,0.15798553989577616,68.81,-24.21159715157681,NONE,NONE,BULLISH,11.58,ILLIQUID,False,False,False,False,False,True,53644.15,2986875.943,False,FAILED,NONE,"Trend, RSI, Volume, Breakout, Candle, Liquidity","Trend, RSI, Volume, Breakout/Retest, Liquidity","Trend, RSI, Volume, Breakout, Candle, Liquidity"
ADMM,52.33,55.82149999999996,60.46500000000011,59.246550000000035,32.7982697167014,0.6486812381543071,69.01,-24.170410085494865,NONE,NONE,BULLISH,11.49,ILLIQUID,False,False,False,False,False,True,92385.9,5180418.4575000005,False,FAILED,NONE,"Trend, RSI, Volume, Breakout, Candle, Liquidity","Trend, RSI, Volume, Breakout/Retest, Liquidity","Trend, RSI, Volume, Breakout, Candle, Liquidity"
PNSC,531.41,542.1480000000008,568.3928,523.7223500000008,36.74530899663199,0.13720440037539317,655.0,-18.868702290076342,NONE,NONE,BULLISH,11.37,ILLIQUID,False,False,False,False,False,True,16675.85,9106308.884,False,FAILED,NONE,"Trend, RSI, Volume, Breakout, Candle, Liquidity","Trend, RSI, Volume, Breakout/Retest, Liquidity","Trend, RSI, Volume, Breakout, Candle, Liquidity"
HIRAT,6.29,6.405000000000001,6.631199999999998,5.2516500000000015,43.750632792594516,0.13672861796571936,8.4,-25.119047619047624,NONE,NONE,BULLISH,11.37,ILLIQUID,False,False,False,False,False,True,1207545.3,7993983.159999999,False,FAILED,NONE,"Trend, RSI, Volume, Breakout, Candle, Liquidity","Trend, RSI, Volume, Breakout/Retest, Liquidity","Trend, RSI, Volume, Breakout, Candle, Liquidity"
HIFA,5.14,5.121500000000013,5.348999999999992,5.552700000000001,47.88529371862519,0.1297217269964494,6.11,-15.875613747954183,NONE,NONE,BULLISH,11.3,ILLIQUID,False,False,False,False,False,True,425395.2,2258152.915,False,FAILED,NONE,"Trend, RSI, Volume, Breakout, Candle, Liquidity","Trend, RSI, Volume, Breakout/Retest, Liquidity","Trend, RSI, Volume, Breakout, Candle, Liquidity"
KML,9.21,9.855999999999987,9.915200000000004,11.02629999999999,40.857998184644956,0.6192625094701244,11.61,-20.671834625322987,NONE,NONE,BULLISH,11.19,NO_BUY,False,False,False,False,False,True,1840062.95,19057789.132000003,True,FAILED,NONE,"Trend, RSI, Volume, Breakout, Candle","Trend, RSI, Volume, Breakout/Retest","Trend, RSI, Volume, Breakout, Candle"
PASM,9.19,10.904000000000014,11.004400000000002,7.409099999999998,37.52826020523946,0.1179801390726196,15.34,-40.09126466753586,NONE,NONE,BULLISH,11.18,ILLIQUID,False,False,False,False,False,True,158255.45,1846885.0165,False,FAILED,NONE,"Trend, RSI, Volume, Breakout, Candle, Liquidity","Trend, RSI, Volume, Breakout/Retest, Liquidity","Trend, RSI, Volume, Breakout, Candle, Liquidity"
PACE,10.46,10.794500000000008,11.043200000000008,14.369849999999987,41.61819886615213,0.5918077472036131,12.31,-15.028432168968314,NONE,NONE,BULLISH,10.92,NO_BUY,False,False,False,False,False,True,7383903.0,81258016.0995,True,FAILED,NONE,"Trend, RSI, Volume, Breakout, Candle","Trend, RSI, Volume, Breakout/Retest","Trend, RSI, Volume, Breakout, Candle"
PMRS,469.81,495.49999999999966,555.0328000000002,405.4657500000004,41.08003819734422,0.08640500045960106,824.99,-43.05264306234015,NONE,NONE,BULLISH,10.86,ILLIQUID,False,False,False,False,False,True,2175.8,1081317.059,False,FAILED,NONE,"Trend, RSI, Volume, Breakout, Candle, Liquidity","Trend, RSI, Volume, Breakout/Retest, Liquidity","Trend, RSI, Volume, Breakout, Candle, Liquidity"
PKGP,40.0,39.99850000000011,40.499199999999924,49.50454999999998,48.48272017120568,0.07421101547662343,48.99,-18.350683813023068,NONE,NONE,BULLISH,10.74,ILLIQUID,False,False,False,False,False,True,49494.0,2028429.636,False,FAILED,NONE,"Trend, RSI, Volume, Breakout, Candle, Liquidity","Trend, RSI, Volume, Breakout/Retest, Liquidity","Trend, RSI, Volume, Breakout, Candle, Liquidity"
SFL,1113.35,1116.1544999999985,1127.0509999999979,1137.2676499999995,49.79791885896253,0.5735204392922514,1211.98,-8.137923068037436,NONE,NONE,BULLISH,10.74,ILLIQUID,False,False,False,False,False,True,81.95,90868.2,False,FAILED,NONE,"Trend, RSI, Volume, Breakout, Candle, Liquidity","Trend, RSI, Volume, Breakout/Retest, Liquidity","Trend, RSI, Volume, Breakout, Candle, Liquidity"
TSMF,16.88,16.99599999999998,17.73180000000001,15.853500000000004,47.13485286515088,0.06766426141362422,21.75,-22.390804597701152,NONE,NONE,BULLISH,10.68,ILLIQUID,False,False,False,False,False,True,26483.7,466320.6995,False,FAILED,NONE,"Trend, RSI, Volume, Breakout, Candle, Liquidity","Trend, RSI, Volume, Breakout/Retest, Liquidity","Trend, RSI, Volume, Breakout, Candle, Liquidity"
WTL,1.18,1.2120000000000029,1.2462000000000013,1.4679500000000008,39.7513344856771,0.5616856153842229,1.34,-11.940298507462696,NONE,NONE,BULLISH,10.62,NO_BUY,False,False,False,False,False,True,33782835.95,41249427.301,True,FAILED,NONE,"Trend, RSI, Volume, Breakout, Candle","Trend, RSI, Volume, Breakout/Retest","Trend, RSI, Volume, Breakout, Candle"
CLOUD,62.85,77.23349999999998,104.59080000000003,47.71960000000002,39.05062685378531,0.059046408818842,164.98,-61.90447326948721,NONE,NONE,BULLISH,10.59,NO_BUY,False,False,False,False,False,True,1388009.9,104908302.3475,True,FAILED,NONE,"Trend, RSI, Volume, Breakout, Candle","Trend, RSI, Volume, Breakout/Retest","Trend, RSI, Volume, Breakout, Candle"
TREET,23.18,23.543500000000066,24.217200000000012,27.140750000000008,42.36747364294879,0.5575103719572396,26.74,-13.313388182498127,NONE,NONE,BULLISH,10.58,NO_BUY,False,False,False,False,False,True,2143423.8,50729077.902499996,True,FAILED,NONE,"Trend, RSI, Volume, Breakout, Candle","Trend, RSI, Volume, Breakout/Retest","Trend, RSI, Volume, Breakout, Candle"
FCEL,5.05,5.2330000000000165,5.241000000000007,5.786050000000009,41.81466188590338,0.5514259927991083,5.99,-15.692821368948254,NONE,NONE,BULLISH,10.51,ILLIQUID,False,False,False,False,False,True,46702.55,245083.2235,False,FAILED,NONE,"Trend, RSI, Volume, Breakout, Candle, Liquidity","Trend, RSI, Volume, Breakout/Retest, Liquidity","Trend, RSI, Volume, Breakout, Candle, Liquidity"
TOMCL,36.84,37.9925,39.309799999999946,42.42339999999999,43.46716532806631,0.5359424272700364,44.98,-18.096931969764327,NONE,NONE,BULLISH,10.36,NO_BUY,False,False,False,False,False,True,2767157.3,107723957.317,True,FAILED,NONE,"Trend, RSI, Volume, Breakout, Candle","Trend, RSI, Volume, Breakout/Retest","Trend, RSI, Volume, Breakout, Candle"
GSPM,6.3,6.556500000000002,6.592199999999996,5.260800000000001,45.61843701194585,0.02464893494802146,8.29,-24.00482509047044,NONE,NONE,BULLISH,10.25,ILLIQUID,False,False,False,False,False,True,135786.8,930000.023,False,FAILED,NONE,"Trend, RSI, Volume, Breakout, Candle, Liquidity","Trend, RSI, Volume, Breakout/Retest, Liquidity","Trend, RSI, Volume, Breakout, Candle, Liquidity"
DOL,29.99,30.448999999999927,31.12440000000001,31.327299999999983,41.799761896613724,0.5195098627316513,33.58,-10.690887432995831,NONE,NONE,BULLISH,10.2,ILLIQUID,False,False,False,False,False,True,62847.7,1921679.925,False,FAILED,NONE,"Trend, RSI, Volume, Breakout, Candle, Liquidity","Trend, RSI, Volume, Breakout/Retest, Liquidity","Trend, RSI, Volume, Breakout, Candle, Liquidity"
JUBS,48.47,52.56999999999998,53.14779999999997,37.58260000000002,37.97843279749851,0.0013377300059528984,60.75,-20.213991769547327,NONE,NONE,BULLISH,10.01,ILLIQUID,False,False,False,False,False,True,14950.7,790603.1865000001,False,FAILED,NONE,"Trend, RSI, Volume, Breakout, Candle, Liquidity","Trend, RSI, Volume, Breakout/Retest, Liquidity","Trend, RSI, Volume, Breakout, Candle, Liquidity"
TRIPF,139.66,140.76249999999987,145.59379999999993,141.98525000000004,47.213373235530845,0.49315196175186965,169.01,-17.365836341044908,NONE,NONE,BULLISH,9.93,ILLIQUID,False,False,False,False,False,True,72955.2,10485888.977500001,False,FAILED,NONE,"Trend, RSI, Volume, Breakout, Candle, Liquidity","Trend, RSI, Volume, Breakout/Retest, Liquidity","Trend, RSI, Volume, Breakout, Candle, Liquidity"
EXIDE,466.51,483.33950000000004,513.7152000000001,544.2019000000001,24.6242447179591,0.48709065412851604,570.0,-18.156140350877195,NONE,NONE,BULLISH,9.87,ILLIQUID,False,False,False,False,False,True,4849.2,2358415.7805,False,FAILED,NONE,"Trend, RSI, Volume, Breakout, Candle, Liquidity","Trend, RSI, Volume, Breakout/Retest, Liquidity","Trend, RSI, Volume, Breakout, Candle, Liquidity"
GSKCH,120.23,141.30749999999983,168.8102,211.06210000000027,17.849739589567207,0.48281738142573133,213.99,-43.81513154820319,NONE,NONE,BULLISH,9.83,ILLIQUID,False,False,False,False,False,True,17605.0,2383937.6000000006,False,FAILED,NONE,"Trend, RSI, Volume, Breakout, Candle, Liquidity","Trend, RSI, Volume, Breakout/Retest, Liquidity","Trend, RSI, Volume, Breakout, Candle, Liquidity"
SPWL,9.02,9.147500000000022,9.426800000000041,10.029300000000035,38.54867517880242,0.4834343322766227,10.24,-11.914062500000005,NONE,NONE,BULLISH,9.83,ILLIQUID,False,False,False,False,False,True,359401.45,3285975.582,False,FAILED,NONE,"Trend, RSI, Volume, Breakout, Candle, Liquidity","Trend, RSI, Volume, Breakout/Retest, Liquidity","Trend, RSI, Volume, Breakout, Candle, Liquidity"
BECO,4.93,5.191499999999998,5.344399999999997,5.686299999999999,37.66305312677299,0.4813298305848578,5.79,-14.853195164076,NONE,NONE,BULLISH,9.81,NO_BUY,False,False,False,False,False,True,11970866.2,61999580.089499995,True,FAILED,NONE,"Trend, RSI, Volume, Breakout, Candle","Trend, RSI, Volume, Breakout/Retest","Trend, RSI, Volume, Breakout, Candle"
KOHE,15.84,15.869000000000062,15.94460000000007,16.1272,48.08741895591011,0.46607706921565256,17.62,-10.102156640181617,NONE,NONE,BULLISH,9.66,ILLIQUID,False,False,False,False,False,True,281502.8,4658653.76,False,FAILED,NONE,"Trend, RSI, Volume, Breakout, Candle, Liquidity","Trend, RSI, Volume, Breakout/Retest, Liquidity","Trend, RSI, Volume, Breakout, Candle, Liquidity"
HRPL,20.27,20.67700000000005,20.74620000000004,21.57779999999997,43.706614464246066,0.46246578620679346,21.79,-6.9756769160165195,NONE,NONE,BULLISH,9.62,ILLIQUID,False,False,False,False,False,True,73544.9,1527806.5984999998,False,FAILED,NONE,"Trend, RSI, Volume, Breakout, Candle, Liquidity","Trend, RSI, Volume, Breakout/Retest, Liquidity","Trend, RSI, Volume, Breakout, Candle, Liquidity"
NETSOL,119.55,122.39000000000003,126.61659999999988,124.0117999999999,39.186821794967244,0.4532645584242296,138.8,-13.868876080691653,NONE,NONE,BULLISH,9.53,NO_BUY,False,False,False,False,False,True,167425.4,20772672.132,True,FAILED,NONE,"Trend, RSI, Volume, Breakout, Candle","Trend, RSI, Volume, Breakout/Retest","Trend, RSI, Volume, Breakout, Candle"
PIAHCLA,26.69,27.545999999999975,28.11800000000003,27.529999999999994,39.50587540543932,0.44588878436140783,32.51,-17.902183943402022,NONE,NONE,BULLISH,9.46,NO_BUY,False,False,False,False,False,True,2282919.05,63234403.004499994,True,FAILED,NONE,"Trend, RSI, Volume, Breakout, Candle","Trend, RSI, Volume, Breakout/Retest","Trend, RSI, Volume, Breakout, Candle"
BHAT,820.47,823.622000000001,846.4452000000003,878.063649999999,46.67326388539124,0.42325207607822124,919.98,-10.816539489988912,NONE,NONE,BULLISH,9.23,ILLIQUID,False,False,False,False,False,True,373.3,306674.10050000006,False,FAILED,NONE,"Trend, RSI, Volume, Breakout, Candle, Liquidity","Trend, RSI, Volume, Breakout/Retest, Liquidity","Trend, RSI, Volume, Breakout, Candle, Liquidity"
AMTEX,4.28,4.422999999999998,4.5417999999999985,4.486549999999999,36.42596863279632,0.42199778815746036,5.01,-14.570858283433125,NONE,NONE,BULLISH,9.22,ILLIQUID,False,False,False,False,False,True,417118.3,1847447.696,False,FAILED,NONE,"Trend, RSI, Volume, Breakout, Candle, Liquidity","Trend, RSI, Volume, Breakout/Retest, Liquidity","Trend, RSI, Volume, Breakout, Candle, Liquidity"
BATA,888.67,916.8375000000024,956.7772000000015,1084.0028000000013,16.238283433710663,0.42085953878406707,1010.11,-12.022453000168303,NONE,NONE,BULLISH,9.21,ILLIQUID,False,False,False,False,False,True,1908.0,1755422.7315000002,False,FAILED,NONE,"Trend, RSI, Volume, Breakout, Candle, Liquidity","Trend, RSI, Volume, Breakout/Retest, Liquidity","Trend, RSI, Volume, Breakout, Candle, Liquidity"
KOHP,23.21,25.085500000000017,26.362599999999947,33.18469999999999,36.63788896593341,0.4039250213565413,30.5,-23.901639344262293,NONE,NONE,BULLISH,9.04,ILLIQUID,False,False,False,False,False,True,91658.1,2387267.054,False,FAILED,NONE,"Trend, RSI, Volume, Breakout, Candle, Liquidity","Trend, RSI, Volume, Breakout/Retest, Liquidity","Trend, RSI, Volume, Breakout, Candle, Liquidity"
SEL,27.65,28.991500000000013,30.437199999999972,29.216499999999993,38.543732073870466,0.386863260563112,35.98,-23.151750972762645,NONE,NONE,BULLISH,8.87,ILLIQUID,False,False,False,False,False,True,13123.5,382710.658,False,FAILED,NONE,"Trend, RSI, Volume, Breakout, Candle, Liquidity","Trend, RSI, Volume, Breakout/Retest, Liquidity","Trend, RSI, Volume, Breakout, Candle, Liquidity"
GVGL,53.8,54.6290000000001,55.58879999999996,57.203500000000005,41.19023988607605,0.3769793666026871,59.99,-10.318386397732963,NONE,NONE,BULLISH,8.77,ILLIQUID,False,False,False,False,False,True,3334.4,182146.72,False,FAILED,NONE,"Trend, RSI, Volume, Breakout, Candle, Liquidity","Trend, RSI, Volume, Breakout/Retest, Liquidity","Trend, RSI, Volume, Breakout, Candle, Liquidity"
BNL,6.26,6.481,6.768800000000014,9.323549999999988,36.5693591075684,0.3693767939519455,7.65,-18.169934640522882,NONE,NONE,BULLISH,8.69,NO_BUY,False,False,False,False,False,True,2442094.4,16096202.9505,True,FAILED,NONE,"Trend, RSI, Volume, Breakout, Candle","Trend, RSI, Volume, Breakout/Retest","Trend, RSI, Volume, Breakout, Candle"
FDPL,4.8,5.060500000000008,5.082799999999994,5.35855,37.725987693309385,0.36066985781456273,5.79,-17.098445595854926,NONE,NONE,BULLISH,8.61,ILLIQUID,False,False,False,False,False,True,526048.95,2691423.0195,False,FAILED,NONE,"Trend, RSI, Volume, Breakout, Candle, Liquidity","Trend, RSI, Volume, Breakout/Retest, Liquidity","Trend, RSI, Volume, Breakout, Candle, Liquidity"
BBFL,42.01,42.647999999999975,43.940200000000004,45.15414999999998,43.110923035379386,0.3380276938415761,47.6,-11.743697478991603,NONE,NONE,BULLISH,8.38,NO_BUY,False,False,False,False,False,True,1126351.5,48415344.386,True,FAILED,NONE,"Trend, RSI, Volume, Breakout, Candle","Trend, RSI, Volume, Breakout/Retest","Trend, RSI, Volume, Breakout, Candle"
PIL,5.14,5.3065,5.417000000000001,5.246899999999993,41.04290621668464,0.31317924329754326,6.27,-18.022328548644335,NONE,NONE,BULLISH,8.13,ILLIQUID,False,False,False,False,False,True,113085.4,603705.1335,False,FAILED,NONE,"Trend, RSI, Volume, Breakout, Candle, Liquidity","Trend, RSI, Volume, Breakout/Retest, Liquidity","Trend, RSI, Volume, Breakout, Candle, Liquidity"
WAHN,279.39,286.4019999999996,290.60419999999993,303.6377499999996,36.27212085621445,0.30350291649770733,313.0,-10.738019169329077,NONE,NONE,BULLISH,8.04,ILLIQUID,False,False,False,False,False,True,3205.9,922261.0715,False,FAILED,NONE,"Trend, RSI, Volume, Breakout, Candle, Liquidity","Trend, RSI, Volume, Breakout/Retest, Liquidity","Trend, RSI, Volume, Breakout, Candle, Liquidity"
DCL,10.19,10.916,11.273400000000002,10.993250000000007,30.381907072100276,0.3018343551164318,12.43,-18.020917135961387,NONE,NONE,BULLISH,8.02,NO_BUY,False,False,False,False,False,True,2059961.0,22807666.975,True,FAILED,NONE,"Trend, RSI, Volume, Breakout, Candle","Trend, RSI, Volume, Breakout/Retest","Trend, RSI, Volume, Breakout, Candle"
FFC,544.24,558.3159999999997,558.8436000000004,551.6746999999999,40.703131721373474,0.2937434958565438,583.75,-6.768308351177729,NONE,NONE,BULLISH,7.94,NO_BUY,False,False,False,False,False,True,1268518.3,712209567.422,True,FAILED,NONE,"Trend, RSI, Volume, Breakout, Candle","Trend, RSI, Volume, Breakout/Retest","Trend, RSI, Volume, Breakout, Candle"
GATM,24.74,26.352000000000032,27.43739999999994,25.817249999999962,35.68709180395571,0.28165267546945527,31.5,-21.460317460317466,NONE,NONE,BULLISH,7.82,NO_BUY,False,False,False,False,False,True,878933.6,23369177.974,True,FAILED,NONE,"Trend, RSI, Volume, Breakout, Candle","Trend, RSI, Volume, Breakout/Retest","Trend, RSI, Volume, Breakout, Candle"
SPEL,45.71,47.76899999999985,49.97879999999997,48.88249999999998,40.70410434367712,0.2793410595648651,58.0,-21.18965517241379,NONE,NONE,BULLISH,7.79,NO_BUY,False,False,False,False,False,True,819403.35,39685643.3745,True,FAILED,NONE,"Trend, RSI, Volume, Breakout, Candle","Trend, RSI, Volume, Breakout/Retest","Trend, RSI, Volume, Breakout, Candle"
NPL,67.3,67.97450000000006,69.85319999999993,68.20479999999996,45.55687558876266,0.270302084542729,79.39,-15.228618213880846,NONE,NONE,BULLISH,7.7,NO_BUY,False,False,False,False,False,True,2855679.05,199852097.4255,True,FAILED,NONE,"Trend, RSI, Volume, Breakout, Candle","Trend, RSI, Volume, Breakout/Retest","Trend, RSI, Volume, Breakout, Candle"
HCAR,228.2,239.07500000000022,244.52579999999932,236.77785000000006,35.84103268458034,0.261815124152007,279.99,-18.4970891817565,NONE,NONE,BULLISH,7.62,NO_BUY,False,False,False,False,False,True,665748.4,161510387.8225,True,FAILED,NONE,"Trend, RSI, Volume, Breakout, Candle","Trend, RSI, Volume, Breakout/Retest","Trend, RSI, Volume, Breakout, Candle"
ZAL,39.71,41.45800000000002,42.69920000000012,48.55160000000001,39.52597690509201,0.2585700081548169,50.25,-20.97512437810945,NONE,NONE,BULLISH,7.59,NO_BUY,False,False,False,False,False,True,830490.75,35653478.60349999,True,FAILED,NONE,"Trend, RSI, Volume, Breakout, Candle","Trend, RSI, Volume, Breakout/Retest","Trend, RSI, Volume, Breakout, Candle"
GHNL,33.9,34.30550000000003,34.56619999999996,45.45690000000003,46.384335036236095,0.24509803921568626,38.56,-12.085062240663909,NONE,NONE,BULLISH,7.45,ILLIQUID,False,False,False,False,False,True,78376.8,2734787.018,False,FAILED,NONE,"Trend, RSI, Volume, Breakout, Candle, Liquidity","Trend, RSI, Volume, Breakout/Retest, Liquidity","Trend, RSI, Volume, Breakout, Candle, Liquidity"
NONS,83.03,89.2734999999997,94.6353999999998,92.47160000000004,33.67257850271716,0.2429313718874418,121.0,-31.380165289256194,NONE,NONE,BULLISH,7.43,ILLIQUID,False,False,False,False,False,True,14819.0,1354799.582,False,FAILED,NONE,"Trend, RSI, Volume, Breakout, Candle, Liquidity","Trend, RSI, Volume, Breakout/Retest, Liquidity","Trend, RSI, Volume, Breakout, Candle, Liquidity"
PASL,2.5,2.5550000000000024,2.620000000000002,2.7735499999999975,45.01149751646707,0.2338693746458011,2.92,-14.383561643835616,NONE,NONE,BULLISH,7.34,ILLIQUID,False,False,False,False,False,True,2130159.2,5693345.3865,False,FAILED,NONE,"Trend, RSI, Volume, Breakout, Candle, Liquidity","Trend, RSI, Volume, Breakout/Retest, Liquidity","Trend, RSI, Volume, Breakout, Candle, Liquidity"
NML,143.55,147.52349999999993,150.6754000000001,157.45004999999992,41.61565379616972,0.2269820827788209,164.41,-12.687792713338597,NONE,NONE,BULLISH,7.27,NO_BUY,False,False,False,False,False,True,2107932.9,313833911.2125,True,FAILED,NONE,"Trend, RSI, Volume, Breakout, Candle","Trend, RSI, Volume, Breakout/Retest","Trend, RSI, Volume, Breakout, Candle"
FECTC,107.36,109.21200000000015,111.39540000000005,120.26065000000013,46.635790622239625,0.21093416913535407,126.95,-15.431272154391495,NONE,NONE,BULLISH,7.11,NO_BUY,False,False,False,False,False,True,340447.45,38698519.1275,True,FAILED,NONE,"Trend, RSI, Volume, Breakout, Candle","Trend, RSI, Volume, Breakout/Retest","Trend, RSI, Volume, Breakout, Candle"
ANL,10.06,10.11650000000001,10.468600000000013,10.70194999999997,44.560945990977864,0.20491422245374702,11.39,-11.676909569798068,NONE,NONE,BULLISH,7.05,ILLIQUID,False,False,False,False,False,True,383448.25,3896509.9265,False,FAILED,NONE,"Trend, RSI, Volume, Breakout, Candle, Liquidity","Trend, RSI, Volume, Breakout/Retest, Liquidity","Trend, RSI, Volume, Breakout, Candle, Liquidity"
SHFA,492.58,509.0555000000003,513.6819999999994,511.1869999999996,40.298095260297806,0.20238286050114868,549.95,-10.43185744158561,NONE,NONE,BULLISH,7.02,ILLIQUID,False,False,False,False,False,True,32754.75,16542149.3215,False,FAILED,NONE,"Trend, RSI, Volume, Breakout, Candle, Liquidity","Trend, RSI, Volume, Breakout/Retest, Liquidity","Trend, RSI, Volume, Breakout, Candle, Liquidity"
FML,52.11,53.02099999999992,55.34860000000012,56.42124999999997,41.849819842949145,0.1984237345134185,66.0,-21.045454545454547,NONE,NONE,BULLISH,6.98,ILLIQUID,False,False,False,False,False,True,42968.65,2277937.144,False,FAILED,NONE,"Trend, RSI, Volume, Breakout, Candle, Liquidity","Trend, RSI, Volume, Breakout/Retest, Liquidity","Trend, RSI, Volume, Breakout, Candle, Liquidity"
KOIL,40.97,42.34499999999996,44.71640000000004,51.57359999999996,37.83908234511665,0.19478889924092055,52.7,-22.25806451612904,NONE,NONE,BULLISH,6.95,ILLIQUID,False,False,False,False,False,True,202429.4,8822862.914,False,FAILED,NONE,"Trend, RSI, Volume, Breakout, Candle, Liquidity","Trend, RSI, Volume, Breakout/Retest, Liquidity","Trend, RSI, Volume, Breakout, Candle, Liquidity"
RPL,16.5,16.91349999999998,16.964399999999998,16.582299999999996,42.83348075021381,0.19321991606897237,19.38,-14.860681114551081,NONE,NONE,BULLISH,6.93,ILLIQUID,False,False,False,False,False,True,352277.35,6013833.7275,False,FAILED,NONE,"Trend, RSI, Volume, Breakout, Candle, Liquidity","Trend, RSI, Volume, Breakout/Retest, Liquidity","Trend, RSI, Volume, Breakout, Candle, Liquidity"
TPLL,20.78,22.614499999999854,23.15279999999997,23.144000000000023,36.40229704291771,0.19079002734550266,27.8,-25.25179856115108,NONE,NONE,BULLISH,6.91,NO_BUY,False,False,False,False,False,True,652355.9,15005806.646000002,True,FAILED,NONE,"Trend, RSI, Volume, Breakout, Candle","Trend, RSI, Volume, Breakout/Retest","Trend, RSI, Volume, Breakout, Candle"
IBLHL,47.66,48.96749999999995,51.75080000000003,52.84994999999999,38.93228526358864,0.19051709591814822,59.51,-19.91261972777685,NONE,NONE,BULLISH,6.91,ILLIQUID,False,False,False,False,False,True,97786.5,4781990.3475,False,FAILED,NONE,"Trend, RSI, Volume, Breakout, Candle, Liquidity","Trend, RSI, Volume, Breakout/Retest, Liquidity","Trend, RSI, Volume, Breakout, Candle, Liquidity"
JSML,58.74,60.96699999999986,65.28900000000003,68.93354999999995,39.47402367083914,0.17145414447884985,78.0,-24.69230769230769,NONE,NONE,BULLISH,6.71,ILLIQUID,False,False,False,False,False,True,127031.05,8275283.211,False,FAILED,NONE,"Trend, RSI, Volume, Breakout, Candle, Liquidity","Trend, RSI, Volume, Breakout/Retest, Liquidity","Trend, RSI, Volume, Breakout, Candle, Liquidity"
ZIL,347.22,356.2589999999994,358.2073999999998,410.59025,44.111769942174064,0.16806722689075632,400.0,-13.194999999999993,NONE,NONE,BULLISH,6.68,ILLIQUID,False,False,False,False,False,True,303.45,107457.14199999999,False,FAILED,NONE,"Trend, RSI, Volume, Breakout, Candle, Liquidity","Trend, RSI, Volume, Breakout/Retest, Liquidity","Trend, RSI, Volume, Breakout, Candle, Liquidity"
MRNS,62.44,63.09500000000003,63.6761999999999,67.39020000000008,46.09156700896496,0.16488733692731844,69.9,-10.672389127324761,NONE,NONE,BULLISH,6.65,ILLIQUID,False,False,False,False,False,True,93888.35,5960408.2299999995,False,FAILED,NONE,"Trend, RSI, Volume, Breakout, Candle, Liquidity","Trend, RSI, Volume, Breakout/Retest, Liquidity","Trend, RSI, Volume, Breakout, Candle, Liquidity"
ISIL,1862.17,1908.0259999999994,1925.2492000000018,1946.126799999999,34.12209464416971,0.16129032258064516,1993.61,-6.593064842170728,NONE,NONE,BULLISH,6.61,ILLIQUID,False,False,False,False,False,True,31.0,59104.078,False,FAILED,NONE,"Trend, RSI, Volume, Breakout, Candle, Liquidity","Trend, RSI, Volume, Breakout/Retest, Liquidity","Trend, RSI, Volume, Breakout, Candle, Liquidity"
AABS,812.91,862.1555000000005,883.8764,945.0687500000006,28.003826742394722,0.14491059950917376,919.99,-11.639256948445096,NONE,NONE,BULLISH,6.45,ILLIQUID,False,False,False,False,False,True,427.85,367232.12200000003,False,FAILED,NONE,"Trend, RSI, Volume, Breakout, Candle, Liquidity","Trend, RSI, Volume, Breakout/Retest, Liquidity","Trend, RSI, Volume, Breakout, Candle, Liquidity"
FCSC,4.88,5.035500000000002,5.089199999999995,5.5649499999999925,43.1610662197117,0.1396683152804002,5.75,-15.130434782608699,NONE,NONE,BULLISH,6.4,ILLIQUID,False,False,False,False,False,True,844558.05,4289166.8835,False,FAILED,NONE,"Trend, RSI, Volume, Breakout, Candle, Liquidity","Trend, RSI, Volume, Breakout/Retest, Liquidity","Trend, RSI, Volume, Breakout, Candle, Liquidity"
CHBL,9.39,9.823000000000006,9.987400000000004,10.30585,39.03120510333967,0.13186769572897203,11.48,-18.205574912891983,NONE,NONE,BULLISH,6.32,ILLIQUID,False,False,False,False,False,True,236843.45,2346274.892,False,FAILED,NONE,"Trend, RSI, Volume, Breakout, Candle, Liquidity","Trend, RSI, Volume, Breakout/Retest, Liquidity","Trend, RSI, Volume, Breakout, Candle, Liquidity"
ALTN,7.51,7.596500000000006,8.036200000000031,9.494649999999986,42.625660029321224,0.12211598445326956,9.11,-17.563117453347967,NONE,NONE,BULLISH,6.22,ILLIQUID,False,False,False,False,False,True,518810.05,3913080.369,False,FAILED,NONE,"Trend, RSI, Volume, Breakout, Candle, Liquidity","Trend, RSI, Volume, Breakout/Retest, Liquidity","Trend, RSI, Volume, Breakout, Candle, Liquidity"
STCL,10.75,10.980499999999985,11.243799999999949,12.861449999999996,39.7447559805613,0.0964754378162409,12.45,-13.654618473895578,NONE,NONE,BULLISH,5.96,ILLIQUID,False,False,False,False,False,True,158631.05,1743259.3105000001,False,FAILED,NONE,"Trend, RSI, Volume, Breakout, Candle, Liquidity","Trend, RSI, Volume, Breakout/Retest, Liquidity","Trend, RSI, Volume, Breakout, Candle, Liquidity"
HGFA,14.74,14.787499999999985,16.613999999999997,16.389799999999987,43.823467750759434,0.0904751741494479,19.97,-26.18928392588883,NONE,NONE,BULLISH,5.9,ILLIQUID,False,False,False,False,False,True,204752.3,3085167.198,False,FAILED,NONE,"Trend, RSI, Volume, Breakout, Candle, Liquidity","Trend, RSI, Volume, Breakout/Retest, Liquidity","Trend, RSI, Volume, Breakout, Candle, Liquidity"
AKDHL,155.72,156.31550000000027,160.96799999999993,163.29829999999978,46.01928409904263,0.06141751627564181,179.87,-13.426363484738982,NONE,NONE,BULLISH,5.61,ILLIQUID,False,False,False,False,False,True,407.05,63467.18450000001,False,FAILED,NONE,"Trend, RSI, Volume, Breakout, Candle, Liquidity","Trend, RSI, Volume, Breakout/Retest, Liquidity","Trend, RSI, Volume, Breakout, Candle, Liquidity"
UVIC,20.5,23.03900000000002,23.66840000000001,23.16584999999999,29.779234762387816,0.03597285868022048,26.9,-23.791821561338285,NONE,NONE,BULLISH,5.36,ILLIQUID,False,False,False,False,False,True,19792.7,459913.887,False,FAILED,NONE,"Trend, RSI, Volume, Breakout, Candle, Liquidity","Trend, RSI, Volume, Breakout/Retest, Liquidity","Trend, RSI, Volume, Breakout, Candle, Liquidity"
